BookingID,CustomerID,RoomID,BookingDate,CheckInDate,CheckOutDate,NumberOfGuests,Status
B0002225,246,101,10-02-2025,19-02-2025,02-03-2025,3,Checked-In
B0002091,683,103,18-01-2025,10-02-2025,22-02-2025,2,Checked-In
B0002630,931,104,07-05-2025,21-05-2025,31-05-2025,1,Checked-In
B0002096,378,106,20-01-2025,14-02-2025,16-02-2025,3,Checked-In
B0002583,420,107,26-04-2025,02-05-2025,07-05-2025,2,Checked-In
B0002052,519,109,12-01-2025,27-01-2025,28-01-2025,1,Checked-In
B0002594,655,110,29-04-2025,12-05-2025,18-05-2025,4,Checked-In
B0002260,877,111,19-02-2025,04-03-2025,05-03-2025,1,Checked-In
B0002149,257,112,30-01-2025,22-02-2025,25-02-2025,2,Checked-In
B0002595,687,113,29-04-2025,15-05-2025,23-05-2025,1,Checked-In
B0002689,85,114,21-05-2025,31-05-2025,31-05-2025,3,Checked-In
B0002571,973,115,23-04-2025,28-04-2025,06-05-2025,2,Checked-In
B0002230,862,116,11-02-2025,17-02-2025,03-03-2025,1,Checked-In
B0002128,622,117,26-01-2025,01-02-2025,06-02-2025,1,Checked-In
B0002491,548,118,11-04-2025,17-04-2025,19-04-2025,3,Checked-In
B0002006,782,119,03-01-2025,25-01-2025,30-01-2025,1,Checked-In
B0002442,452,120,02-04-2025,08-04-2025,12-04-2025,3,Checked-In
B0002668,36,121,17-05-2025,24-05-2025,31-05-2025,1,Checked-In
B0002654,857,122,14-05-2025,31-05-2025,31-05-2025,1,Checked-In
B0002383,400,123,20-03-2025,04-04-2025,05-04-2025,1,Checked-In
B0002471,50,124,07-04-2025,02-05-2025,06-05-2025,1,Checked-In
B0002308,384,125,03-03-2025,10-03-2025,12-03-2025,1,Checked-In
B0002039,432,126,08-01-2025,09-01-2025,15-01-2025,1,Checked-In
B0002087,697,127,17-01-2025,25-01-2025,27-01-2025,1,Checked-In
B0002234,742,128,12-02-2025,14-02-2025,21-02-2025,1,Checked-In
B0002408,836,129,25-03-2025,05-04-2025,14-04-2025,1,Checked-In
B0002282,640,130,23-02-2025,25-03-2025,03-04-2025,1,Checked-In
B0002545,962,131,20-04-2025,24-04-2025,28-04-2025,1,Checked-In
B0002443,109,132,02-04-2025,13-04-2025,16-04-2025,1,Checked-In
B0002391,412,134,22-03-2025,23-03-2025,30-03-2025,1,Checked-In
B0002296,470,135,26-02-2025,01-03-2025,12-03-2025,1,Checked-In
B0002460,666,136,05-04-2025,07-04-2025,09-04-2025,1,Checked-In
B0002376,421,137,19-03-2025,13-04-2025,23-04-2025,1,Checked-In
B0002673,105,138,18-05-2025,31-05-2025,31-05-2025,1,Checked-In
B0002123,258,139,25-01-2025,14-02-2025,20-02-2025,1,Checked-In
B0002181,695,140,04-02-2025,15-02-2025,18-02-2025,1,Checked-In
B0002615,872,141,04-05-2025,07-05-2025,13-05-2025,1,Checked-In
B0002719,624,143,30-05-2025,31-05-2025,31-05-2025,1,Checked-In
B0002725,516,145,31-05-2025,31-05-2025,31-05-2025,1,Checked-In
B0002158,22,146,01-02-2025,11-02-2025,15-02-2025,2,Checked-In
B0002312,776,147,04-03-2025,24-03-2025,26-03-2025,1,Checked-In
B0002464,141,148,06-04-2025,22-04-2025,27-04-2025,1,Checked-In
B0002472,156,149,07-04-2025,14-04-2025,25-04-2025,1,Checked-In
B0002574,244,150,24-04-2025,18-05-2025,24-05-2025,1,Checked-In
B0002397,285,151,23-03-2025,13-04-2025,26-04-2025,1,Checked-In
B0002522,534,152,17-04-2025,08-05-2025,22-05-2025,2,Checked-In
B0002036,769,153,07-01-2025,15-01-2025,29-01-2025,2,Checked-In
B0002313,351,154,04-03-2025,11-03-2025,20-03-2025,1,Checked-In
B0002318,929,155,05-03-2025,31-03-2025,11-04-2025,1,Checked-In
B0002475,623,157,08-04-2025,25-04-2025,01-05-2025,1,Checked-In
B0002005,453,158,02-01-2025,05-01-2025,19-01-2025,2,Checked-In
B0002261,72,160,19-02-2025,21-02-2025,04-03-2025,1,Checked-In
B0002276,961,161,22-02-2025,27-02-2025,01-03-2025,1,Checked-In
B0002690,607,163,21-05-2025,31-05-2025,31-05-2025,1,Checked-In
B0002641,242,164,10-05-2025,13-05-2025,20-05-2025,2,Checked-In
B0002235,319,166,12-02-2025,08-03-2025,12-03-2025,1,Checked-In
B0002245,435,167,15-02-2025,07-03-2025,11-03-2025,2,Checked-In
B0002713,293,168,28-05-2025,31-05-2025,31-05-2025,1,Checked-In
B0002616,279,169,04-05-2025,07-05-2025,13-05-2025,2,Checked-In
B0002236,387,170,12-02-2025,28-02-2025,08-03-2025,2,Checked-In
B0002554,518,171,21-04-2025,16-05-2025,19-05-2025,2,Checked-In
B0002476,21,172,08-04-2025,22-04-2025,06-05-2025,1,Checked-In
B0002371,778,174,18-03-2025,07-04-2025,16-04-2025,1,Checked-In
B0002243,567,177,14-02-2025,23-02-2025,02-03-2025,2,Checked-In
B0002586,314,178,27-04-2025,07-05-2025,14-05-2025,2,Checked-In
B0002416,74,179,27-03-2025,01-04-2025,13-04-2025,2,Checked-In
B0002222,201,180,09-02-2025,11-03-2025,15-03-2025,1,Checked-In
B0002638,14,181,09-05-2025,31-05-2025,31-05-2025,2,Checked-In
B0002508,504,182,14-04-2025,14-05-2025,21-05-2025,2,Checked-In
B0002465,994,185,06-04-2025,19-04-2025,27-04-2025,2,Checked-In
B0002726,657,186,31-05-2025,31-05-2025,31-05-2025,1,Checked-In
B0002159,944,187,01-02-2025,14-02-2025,24-02-2025,1,Checked-In
B0002562,199,188,22-04-2025,01-05-2025,14-05-2025,2,Checked-In
B0002625,522,190,06-05-2025,27-05-2025,31-05-2025,2,Checked-In
B0002072,714,191,15-01-2025,05-02-2025,12-02-2025,2,Checked-In
B0002319,754,192,05-03-2025,13-03-2025,21-03-2025,1,Checked-In
B0002451,944,193,03-04-2025,24-04-2025,06-05-2025,1,Checked-In
B0002208,715,194,07-02-2025,16-02-2025,26-02-2025,2,Checked-In
B0002209,967,195,07-02-2025,16-02-2025,20-02-2025,1,Checked-In
B0002150,13,196,30-01-2025,24-02-2025,26-02-2025,2,Checked-In
B0002727,408,197,31-05-2025,31-05-2025,31-05-2025,1,Checked-In
B0002538,898,198,19-04-2025,25-04-2025,09-05-2025,2,Checked-In
B0002377,259,199,19-03-2025,05-04-2025,14-04-2025,2,Checked-In
B0002384,601,200,20-03-2025,13-04-2025,20-04-2025,6,Checked-In
B0002116,891,202,23-01-2025,27-01-2025,07-02-2025,3,Checked-In
B0002199,834,203,06-02-2025,15-02-2025,27-02-2025,2,Checked-In
B0002498,953,204,12-04-2025,05-05-2025,10-05-2025,1,Checked-In
B0002626,173,205,06-05-2025,07-05-2025,09-05-2025,1,Checked-In
B0002523,793,206,17-04-2025,04-05-2025,11-05-2025,3,Checked-In
B0002555,751,207,21-04-2025,27-04-2025,30-04-2025,3,Checked-In
B0002182,191,208,04-02-2025,11-02-2025,19-02-2025,2,Checked-In
B0002144,515,209,29-01-2025,13-02-2025,23-02-2025,2,Checked-In
B0002270,191,210,21-02-2025,23-02-2025,07-03-2025,2,Checked-In
B0002262,829,211,19-02-2025,28-02-2025,14-03-2025,2,Checked-In
B0002140,452,212,28-01-2025,25-02-2025,08-03-2025,1,Checked-In
B0002367,82,214,17-03-2025,20-03-2025,27-03-2025,1,Checked-In
B0002088,284,215,17-01-2025,28-01-2025,29-01-2025,3,Checked-In
B0002610,241,216,03-05-2025,19-05-2025,30-05-2025,1,Checked-In
B0002083,10,219,16-01-2025,25-01-2025,07-02-2025,1,Checked-In
B0002720,682,220,30-05-2025,31-05-2025,31-05-2025,1,Checked-In
B0002655,217,222,14-05-2025,31-05-2025,31-05-2025,1,Checked-In
B0002656,618,223,14-05-2025,31-05-2025,31-05-2025,1,Checked-In
B0002425,485,226,28-03-2025,17-04-2025,24-04-2025,1,Checked-In
B0002427,380,227,29-03-2025,09-04-2025,23-04-2025,1,Checked-In
B0002452,964,228,03-04-2025,25-04-2025,02-05-2025,1,Checked-In
B0002073,626,229,15-01-2025,27-01-2025,10-02-2025,1,Checked-In
B0002129,826,231,26-01-2025,27-01-2025,04-02-2025,1,Checked-In
B0002187,743,232,05-02-2025,06-02-2025,16-02-2025,1,Checked-In
B0002661,890,233,16-05-2025,25-05-2025,31-05-2025,1,Checked-In
B0002584,378,234,26-04-2025,16-05-2025,27-05-2025,1,Checked-In
B0002515,528,235,16-04-2025,08-05-2025,12-05-2025,1,Checked-In
B0002402,654,238,24-03-2025,25-03-2025,05-04-2025,1,Checked-In
B0002053,895,239,12-01-2025,07-02-2025,19-02-2025,1,Checked-In
B0002575,695,240,24-04-2025,02-05-2025,12-05-2025,1,Checked-In
B0002106,410,241,21-01-2025,02-02-2025,09-02-2025,2,Checked-In
B0002130,675,243,26-01-2025,19-02-2025,26-02-2025,2,Checked-In
B0002263,622,244,19-02-2025,14-03-2025,17-03-2025,1,Checked-In
B0002634,131,245,08-05-2025,31-05-2025,31-05-2025,2,Checked-In
B0002691,853,246,21-05-2025,31-05-2025,31-05-2025,1,Checked-In
B0002578,918,247,25-04-2025,29-04-2025,07-05-2025,1,Checked-In
B0002289,250,248,24-02-2025,02-03-2025,15-03-2025,1,Checked-In
B0002563,109,249,22-04-2025,15-05-2025,16-05-2025,1,Checked-In
B0002409,952,251,25-03-2025,23-04-2025,30-04-2025,2,Checked-In
B0002324,226,252,07-03-2025,29-03-2025,06-04-2025,1,Checked-In
B0002183,682,253,04-02-2025,06-03-2025,15-03-2025,2,Checked-In
B0002417,93,254,27-03-2025,24-04-2025,28-04-2025,1,Checked-In
B0002428,660,257,29-03-2025,11-04-2025,23-04-2025,2,Checked-In
B0002699,670,258,24-05-2025,31-05-2025,31-05-2025,1,Checked-In
B0002329,229,259,08-03-2025,12-03-2025,17-03-2025,1,Checked-In
B0002117,115,261,23-01-2025,03-02-2025,15-02-2025,1,Checked-In
B0002151,763,262,30-01-2025,18-02-2025,24-02-2025,1,Checked-In
B0002392,874,263,22-03-2025,04-04-2025,14-04-2025,1,Checked-In
B0002084,319,264,16-01-2025,04-02-2025,13-02-2025,1,Checked-In
B0002487,868,265,10-04-2025,24-04-2025,30-04-2025,2,Checked-In
B0002168,817,266,02-02-2025,19-02-2025,02-03-2025,1,Checked-In
B0002499,110,267,12-04-2025,13-04-2025,22-04-2025,2,Checked-In
B0002210,324,268,07-02-2025,06-03-2025,11-03-2025,1,Checked-In
B0002587,512,269,27-04-2025,02-05-2025,12-05-2025,2,Checked-In
B0002043,150,272,09-01-2025,29-01-2025,04-02-2025,2,Checked-In
B0002160,515,273,01-02-2025,10-02-2025,24-02-2025,2,Checked-In
B0002291,647,274,25-02-2025,13-03-2025,18-03-2025,2,Checked-In
B0002418,61,275,27-03-2025,01-04-2025,15-04-2025,1,Checked-In
B0002299,869,276,27-02-2025,22-03-2025,03-04-2025,1,Checked-In
B0002246,946,277,15-02-2025,15-03-2025,23-03-2025,2,Checked-In
B0002226,307,278,10-02-2025,11-02-2025,20-02-2025,2,Checked-In
B0002539,346,279,19-04-2025,11-05-2025,19-05-2025,2,Checked-In
B0002492,776,280,11-04-2025,24-04-2025,26-04-2025,2,Checked-In
B0002264,290,281,19-02-2025,14-03-2025,28-03-2025,2,Checked-In
B0002177,100,283,03-02-2025,14-02-2025,27-02-2025,1,Checked-In
B0002378,871,284,19-03-2025,03-04-2025,14-04-2025,1,Checked-In
B0002188,592,286,05-02-2025,20-02-2025,04-03-2025,2,Checked-In
B0002211,299,287,07-02-2025,14-02-2025,18-02-2025,1,Checked-In
B0002007,753,288,03-01-2025,15-01-2025,27-01-2025,1,Checked-In
B0002212,695,289,07-02-2025,20-02-2025,27-02-2025,1,Checked-In
B0002074,949,290,15-01-2025,19-01-2025,25-01-2025,2,Checked-In
B0002067,184,293,14-01-2025,18-01-2025,27-01-2025,2,Checked-In
B0002564,608,296,22-04-2025,27-04-2025,08-05-2025,2,Checked-In
B0002044,251,297,09-01-2025,13-01-2025,17-01-2025,2,Checked-In
B0002379,501,298,19-03-2025,11-04-2025,21-04-2025,1,Checked-In
B0002473,669,299,07-04-2025,02-05-2025,14-05-2025,1,Checked-In
B0002596,797,300,29-04-2025,27-05-2025,31-05-2025,6,Checked-In
B0002346,392,302,12-03-2025,02-04-2025,13-04-2025,4,Checked-In
B0002008,377,303,03-01-2025,07-01-2025,09-01-2025,1,Checked-In
B0002627,125,304,06-05-2025,27-05-2025,31-05-2025,2,Checked-In
B0002728,24,305,31-05-2025,31-05-2025,31-05-2025,4,Checked-In
B0002124,281,306,25-01-2025,20-02-2025,02-03-2025,2,Checked-In
B0002617,394,309,04-05-2025,25-05-2025,31-05-2025,4,Checked-In
B0002710,306,310,27-05-2025,31-05-2025,31-05-2025,3,Checked-In
B0002674,66,311,18-05-2025,24-05-2025,31-05-2025,3,Checked-In
B0002493,21,312,11-04-2025,29-04-2025,13-05-2025,3,Checked-In
B0002662,803,313,16-05-2025,31-05-2025,31-05-2025,3,Checked-In
B0002721,858,314,30-05-2025,31-05-2025,31-05-2025,3,Checked-In
B0002283,128,315,23-02-2025,17-03-2025,19-03-2025,1,Checked-In
B0002248,883,316,16-02-2025,17-02-2025,26-02-2025,2,Checked-In
B0002393,820,317,22-03-2025,26-03-2025,27-03-2025,1,Checked-In
B0002277,589,318,22-02-2025,15-03-2025,18-03-2025,1,Checked-In
B0002325,576,319,07-03-2025,04-04-2025,17-04-2025,1,Checked-In
B0002161,87,320,01-02-2025,18-02-2025,23-02-2025,2,Checked-In
B0002681,990,321,20-05-2025,26-05-2025,31-05-2025,1,Checked-In
B0002372,255,322,18-03-2025,20-03-2025,29-03-2025,1,Checked-In
B0002669,675,323,17-05-2025,31-05-2025,31-05-2025,1,Checked-In
B0002394,712,326,22-03-2025,08-04-2025,14-04-2025,1,Checked-In
B0002131,705,328,26-01-2025,17-02-2025,03-03-2025,1,Checked-In
B0002048,243,329,10-01-2025,17-01-2025,20-01-2025,1,Checked-In
B0002292,877,330,25-02-2025,02-03-2025,12-03-2025,1,Checked-In
B0002444,606,331,02-04-2025,11-04-2025,14-04-2025,1,Checked-In
B0002692,77,332,21-05-2025,30-05-2025,31-05-2025,1,Checked-In
B0002231,666,334,11-02-2025,24-02-2025,04-03-2025,1,Checked-In
B0002326,968,335,07-03-2025,29-03-2025,05-04-2025,1,Checked-In
B0002278,549,336,22-02-2025,25-02-2025,08-03-2025,1,Checked-In
B0002265,649,337,19-02-2025,14-03-2025,20-03-2025,1,Checked-In
B0002223,430,338,09-02-2025,20-02-2025,05-03-2025,1,Checked-In
B0002037,389,341,07-01-2025,27-01-2025,31-01-2025,1,Checked-In
B0002162,277,342,01-02-2025,19-02-2025,21-02-2025,2,Checked-In
B0002411,68,343,26-03-2025,16-04-2025,18-04-2025,2,Checked-In
B0002419,932,344,27-03-2025,21-04-2025,26-04-2025,1,Checked-In
B0002300,890,346,27-02-2025,08-03-2025,09-03-2025,1,Checked-In
B0002297,387,348,26-02-2025,11-03-2025,13-03-2025,1,Checked-In
B0002658,180,349,15-05-2025,31-05-2025,31-05-2025,2,Checked-In
B0002663,98,350,16-05-2025,28-05-2025,31-05-2025,2,Checked-In
B0002342,565,351,11-03-2025,31-03-2025,02-04-2025,1,Checked-In
B0002398,175,352,23-03-2025,17-04-2025,24-04-2025,1,Checked-In
B0002670,354,353,17-05-2025,31-05-2025,31-05-2025,2,Checked-In
B0002169,489,354,02-02-2025,11-02-2025,12-02-2025,1,Checked-In
B0002170,674,355,02-02-2025,07-02-2025,14-02-2025,2,Checked-In
B0002461,55,356,05-04-2025,28-04-2025,11-05-2025,1,Checked-In
B0002530,695,357,18-04-2025,11-05-2025,19-05-2025,1,Checked-In
B0002437,450,358,01-04-2025,27-04-2025,05-05-2025,2,Checked-In
B0002546,283,359,20-04-2025,07-05-2025,19-05-2025,1,Checked-In
B0002118,313,360,23-01-2025,02-02-2025,09-02-2025,2,Checked-In
B0002121,866,361,24-01-2025,14-02-2025,16-02-2025,1,Checked-In
B0002309,748,362,03-03-2025,06-03-2025,09-03-2025,1,Checked-In
B0002359,87,363,15-03-2025,02-04-2025,10-04-2025,1,Checked-In
B0002540,986,364,19-04-2025,11-05-2025,20-05-2025,1,Checked-In
B0002635,492,365,08-05-2025,25-05-2025,31-05-2025,1,Checked-In
B0002016,416,366,04-01-2025,24-01-2025,28-01-2025,1,Checked-In
B0002541,732,367,19-04-2025,12-05-2025,21-05-2025,2,Checked-In
B0002664,251,370,16-05-2025,31-05-2025,31-05-2025,1,Checked-In
B0002579,622,371,25-04-2025,01-05-2025,12-05-2025,1,Checked-In
B0002097,180,372,20-01-2025,01-02-2025,15-02-2025,1,Checked-In
B0002438,527,373,01-04-2025,03-04-2025,10-04-2025,2,Checked-In
B0002238,389,374,13-02-2025,25-02-2025,27-02-2025,2,Checked-In
B0002320,936,375,05-03-2025,01-04-2025,10-04-2025,1,Checked-In
B0002373,298,376,18-03-2025,03-04-2025,08-04-2025,2,Checked-In
B0002001,219,377,01-01-2025,25-01-2025,05-02-2025,2,Checked-In
B0002385,223,378,20-03-2025,19-04-2025,30-04-2025,1,Checked-In
B0002597,958,379,29-04-2025,28-05-2025,31-05-2025,2,Checked-In
B0002445,59,384,02-04-2025,03-04-2025,13-04-2025,2,Checked-In
B0002374,337,386,18-03-2025,30-03-2025,01-04-2025,1,Checked-In
B0002254,359,387,17-02-2025,02-03-2025,08-03-2025,1,Checked-In
B0002556,104,388,21-04-2025,07-05-2025,11-05-2025,1,Checked-In
B0002649,542,389,12-05-2025,31-05-2025,31-05-2025,2,Checked-In
B0002622,127,391,05-05-2025,06-05-2025,09-05-2025,2,Checked-In
B0002603,232,392,01-05-2025,14-05-2025,20-05-2025,2,Checked-In
B0002547,374,393,20-04-2025,19-05-2025,22-05-2025,2,Checked-In
B0002572,112,394,23-04-2025,15-05-2025,29-05-2025,2,Checked-In
B0002189,166,395,05-02-2025,17-02-2025,01-03-2025,2,Checked-In
B0002446,6,396,02-04-2025,01-05-2025,15-05-2025,1,Checked-In
B0002258,114,397,18-02-2025,28-02-2025,01-03-2025,1,Checked-In
B0002531,405,398,18-04-2025,12-05-2025,18-05-2025,1,Checked-In
B0002267,165,399,20-02-2025,08-03-2025,19-03-2025,2,Checked-In
B0002532,122,400,18-04-2025,04-05-2025,13-05-2025,4,Checked-In
B0002171,820,401,02-02-2025,13-02-2025,26-02-2025,4,Checked-In
B0002488,514,403,10-04-2025,15-04-2025,17-04-2025,1,Checked-In
B0002032,812,404,06-01-2025,11-01-2025,14-01-2025,3,Checked-In
B0002017,513,405,04-01-2025,29-01-2025,09-02-2025,2,Checked-In
B0002429,54,406,29-03-2025,12-04-2025,22-04-2025,1,Checked-In
B0002611,445,407,03-05-2025,13-05-2025,18-05-2025,4,Checked-In
B0002548,85,408,20-04-2025,28-04-2025,08-05-2025,2,Checked-In
B0002645,747,409,11-05-2025,17-05-2025,21-05-2025,3,Checked-In
B0002152,786,410,30-01-2025,27-02-2025,04-03-2025,2,Checked-In
B0002549,683,411,20-04-2025,27-04-2025,05-05-2025,3,Checked-In
B0002134,802,412,27-01-2025,19-02-2025,03-03-2025,3,Checked-In
B0002249,626,413,16-02-2025,23-02-2025,09-03-2025,3,Checked-In
B0002219,645,414,08-02-2025,16-02-2025,18-02-2025,1,Checked-In
B0002049,411,415,10-01-2025,19-01-2025,23-01-2025,1,Checked-In
B0002025,437,416,05-01-2025,25-01-2025,29-01-2025,1,Checked-In
B0002068,886,418,14-01-2025,27-01-2025,03-02-2025,3,Checked-In
B0002305,314,420,01-03-2025,09-03-2025,15-03-2025,2,Checked-In
B0002085,491,422,16-01-2025,02-02-2025,09-02-2025,1,Checked-In
B0002145,312,423,29-01-2025,07-02-2025,13-02-2025,1,Checked-In
B0002433,966,424,31-03-2025,23-04-2025,30-04-2025,1,Checked-In
B0002063,328,426,13-01-2025,19-01-2025,20-01-2025,1,Checked-In
B0002403,54,427,24-03-2025,31-03-2025,05-04-2025,1,Checked-In
B0002132,287,428,26-01-2025,09-02-2025,12-02-2025,1,Checked-In
B0002628,972,429,06-05-2025,18-05-2025,24-05-2025,1,Checked-In
B0002125,115,430,25-01-2025,16-02-2025,17-02-2025,1,Checked-In
B0002453,340,432,03-04-2025,27-04-2025,10-05-2025,1,Checked-In
B0002729,761,433,31-05-2025,31-05-2025,31-05-2025,1,Checked-In
B0002347,244,434,12-03-2025,19-03-2025,29-03-2025,1,Checked-In
B0002141,90,435,28-01-2025,02-02-2025,13-02-2025,1,Checked-In
B0002730,43,436,31-05-2025,31-05-2025,31-05-2025,1,Checked-In
B0002580,198,437,25-04-2025,25-05-2025,27-05-2025,1,Checked-In
B0002682,965,438,20-05-2025,31-05-2025,31-05-2025,1,Checked-In
B0002607,743,439,02-05-2025,27-05-2025,31-05-2025,1,Checked-In
B0002172,45,440,02-02-2025,09-02-2025,16-02-2025,1,Checked-In
B0002700,913,441,24-05-2025,31-05-2025,31-05-2025,2,Checked-In
B0002155,645,443,31-01-2025,02-03-2025,09-03-2025,1,Checked-In
B0002533,495,444,18-04-2025,05-05-2025,14-05-2025,1,Checked-In
B0002348,171,445,12-03-2025,04-04-2025,07-04-2025,2,Checked-In
B0002704,47,446,25-05-2025,27-05-2025,31-05-2025,1,Checked-In
B0002500,759,447,12-04-2025,28-04-2025,09-05-2025,1,Checked-In
B0002573,170,448,23-04-2025,18-05-2025,27-05-2025,2,Checked-In
B0002489,576,449,10-04-2025,23-04-2025,03-05-2025,2,Checked-In
B0002255,212,450,17-02-2025,18-02-2025,21-02-2025,1,Checked-In
B0002009,607,453,03-01-2025,01-02-2025,14-02-2025,2,Checked-In
B0002659,516,454,15-05-2025,24-05-2025,29-05-2025,1,Checked-In
B0002338,304,455,10-03-2025,28-03-2025,30-03-2025,1,Checked-In
B0002054,230,458,12-01-2025,30-01-2025,03-02-2025,2,Checked-In
B0002213,41,459,07-02-2025,08-03-2025,13-03-2025,1,Checked-In
B0002069,277,460,14-01-2025,04-02-2025,08-02-2025,1,Checked-In
B0002153,548,461,30-01-2025,31-01-2025,11-02-2025,2,Checked-In
B0002462,648,463,05-04-2025,16-04-2025,18-04-2025,2,Checked-In
B0002184,740,465,04-02-2025,18-02-2025,28-02-2025,2,Checked-In
B0002075,333,466,15-01-2025,05-02-2025,19-02-2025,1,Checked-In
B0002447,844,468,02-04-2025,10-04-2025,22-04-2025,2,Checked-In
B0002327,181,469,07-03-2025,08-03-2025,17-03-2025,1,Checked-In
B0002477,740,470,08-04-2025,29-04-2025,04-05-2025,1,Checked-In
B0002576,837,471,24-04-2025,02-05-2025,08-05-2025,2,Checked-In
B0002714,209,472,29-05-2025,31-05-2025,31-05-2025,2,Checked-In
B0002581,160,473,25-04-2025,03-05-2025,15-05-2025,2,Checked-In
B0002214,378,476,07-02-2025,08-03-2025,16-03-2025,1,Checked-In
B0002250,508,477,16-02-2025,03-03-2025,06-03-2025,1,Checked-In
B0002707,194,479,26-05-2025,31-05-2025,31-05-2025,1,Checked-In
B0002353,664,480,14-03-2025,15-03-2025,20-03-2025,1,Checked-In
B0002247,907,481,15-02-2025,14-03-2025,21-03-2025,1,Checked-In
B0002200,72,482,06-02-2025,09-02-2025,16-02-2025,1,Checked-In
B0002509,466,483,14-04-2025,18-04-2025,30-04-2025,1,Checked-In
B0002018,745,484,04-01-2025,24-01-2025,26-01-2025,2,Checked-In
B0002033,394,486,06-01-2025,10-01-2025,24-01-2025,1,Checked-In
B0002055,782,488,12-01-2025,17-01-2025,21-01-2025,1,Checked-In
B0002201,275,490,06-02-2025,27-02-2025,09-03-2025,1,Checked-In
B0002010,812,491,03-01-2025,29-01-2025,31-01-2025,2,Checked-In
B0002111,874,492,22-01-2025,29-01-2025,01-02-2025,2,Checked-In
B0002705,778,494,25-05-2025,31-05-2025,31-05-2025,1,Checked-In
B0002412,315,495,26-03-2025,11-04-2025,14-04-2025,1,Checked-In
B0002683,58,496,20-05-2025,31-05-2025,31-05-2025,1,Checked-In
B0002056,22,497,12-01-2025,16-01-2025,25-01-2025,2,Checked-In
B0002646,106,498,11-05-2025,31-05-2025,31-05-2025,2,Checked-In
B0002002,146,499,01-01-2025,31-01-2025,04-02-2025,1,Checked-In
B0002550,233,500,20-04-2025,03-05-2025,06-05-2025,3,Checked-In
B0002360,672,504,15-03-2025,23-03-2025,03-04-2025,4,Checked-In
B0002146,704,505,29-01-2025,14-02-2025,17-02-2025,1,Checked-In
B0002135,230,506,27-01-2025,06-02-2025,12-02-2025,1,Checked-In
B0002420,631,507,27-03-2025,31-03-2025,06-04-2025,1,Checked-In
B0002057,918,508,12-01-2025,01-02-2025,04-02-2025,2,Checked-In
B0002665,439,509,16-05-2025,27-05-2025,31-05-2025,2,Checked-In
B0002542,696,510,19-04-2025,24-04-2025,05-05-2025,3,Checked-In
B0002361,640,511,15-03-2025,27-03-2025,29-03-2025,2,Checked-In
B0002636,939,513,08-05-2025,30-05-2025,31-05-2025,2,Checked-In
B0002098,831,514,20-01-2025,15-02-2025,16-02-2025,1,Checked-In
B0002215,797,515,07-02-2025,18-02-2025,21-02-2025,2,Checked-In
B0002612,458,516,03-05-2025,30-05-2025,31-05-2025,1,Checked-In
B0002551,592,517,20-04-2025,14-05-2025,19-05-2025,1,Checked-In
B0002404,93,518,24-03-2025,29-03-2025,01-04-2025,2,Checked-In
B0002399,362,519,23-03-2025,08-04-2025,15-04-2025,2,Checked-In
B0002516,711,520,16-04-2025,06-05-2025,19-05-2025,3,Checked-In
B0002190,342,521,05-02-2025,03-03-2025,14-03-2025,1,Checked-In
B0002534,393,522,18-04-2025,06-05-2025,14-05-2025,1,Checked-In
B0002675,546,523,18-05-2025,31-05-2025,31-05-2025,1,Checked-In
B0002715,86,525,29-05-2025,31-05-2025,31-05-2025,1,Checked-In
B0002119,720,526,23-01-2025,31-01-2025,06-02-2025,1,Checked-In
B0002026,209,527,05-01-2025,17-01-2025,26-01-2025,1,Checked-In
B0002185,981,528,04-02-2025,06-03-2025,08-03-2025,1,Checked-In
B0002434,934,529,31-03-2025,12-04-2025,26-04-2025,1,Checked-In
B0002591,302,530,28-04-2025,03-05-2025,17-05-2025,1,Checked-In
B0002284,249,532,23-02-2025,22-03-2025,26-03-2025,1,Checked-In
B0002191,765,533,05-02-2025,09-02-2025,21-02-2025,1,Checked-In
B0002038,387,534,07-01-2025,30-01-2025,06-02-2025,1,Checked-In
B0002142,56,536,28-01-2025,19-02-2025,01-03-2025,1,Checked-In
B0002227,489,537,10-02-2025,11-02-2025,14-02-2025,1,Checked-In
B0002107,145,538,21-01-2025,29-01-2025,31-01-2025,1,Checked-In
B0002524,583,539,17-04-2025,22-04-2025,05-05-2025,1,Checked-In
B0002192,482,540,05-02-2025,01-03-2025,10-03-2025,1,Checked-In
B0002517,482,541,16-04-2025,10-05-2025,16-05-2025,2,Checked-In
B0002019,801,543,04-01-2025,14-01-2025,16-01-2025,1,Checked-In
B0002045,62,544,09-01-2025,29-01-2025,11-02-2025,1,Checked-In
B0002232,516,545,11-02-2025,12-02-2025,19-02-2025,2,Checked-In
B0002588,697,546,27-04-2025,15-05-2025,27-05-2025,2,Checked-In
B0002711,942,547,27-05-2025,31-05-2025,31-05-2025,1,Checked-In
B0002228,434,548,10-02-2025,19-02-2025,21-02-2025,2,Checked-In
B0002173,974,549,02-02-2025,26-02-2025,02-03-2025,2,Checked-In
B0002076,634,550,15-01-2025,23-01-2025,30-01-2025,1,Checked-In
B0002701,843,552,24-05-2025,31-05-2025,31-05-2025,1,Checked-In
B0002601,837,553,30-04-2025,16-05-2025,22-05-2025,2,Checked-In
B0002478,848,554,08-04-2025,14-04-2025,15-04-2025,2,Checked-In
B0002543,663,555,19-04-2025,26-04-2025,01-05-2025,1,Checked-In
B0002099,107,556,20-01-2025,01-02-2025,11-02-2025,2,Checked-In
B0002310,29,557,03-03-2025,13-03-2025,16-03-2025,1,Checked-In
B0002290,67,558,24-02-2025,16-03-2025,17-03-2025,2,Checked-In
B0002693,193,559,22-05-2025,29-05-2025,31-05-2025,1,Checked-In
B0002339,247,561,10-03-2025,13-03-2025,23-03-2025,1,Checked-In
B0002618,578,562,04-05-2025,06-05-2025,07-05-2025,2,Checked-In
B0002388,96,563,21-03-2025,22-03-2025,28-03-2025,2,Checked-In
B0002501,982,564,12-04-2025,29-04-2025,03-05-2025,2,Checked-In
B0002494,770,565,11-04-2025,05-05-2025,11-05-2025,1,Checked-In
B0002126,720,566,25-01-2025,05-02-2025,12-02-2025,1,Checked-In
B0002220,515,567,08-02-2025,09-02-2025,19-02-2025,2,Checked-In
B0002731,489,573,31-05-2025,31-05-2025,31-05-2025,1,Checked-In
B0002233,298,574,11-02-2025,16-02-2025,27-02-2025,2,Checked-In
B0002122,81,575,24-01-2025,16-02-2025,20-02-2025,1,Checked-In
B0002202,827,576,06-02-2025,03-03-2025,15-03-2025,1,Checked-In
B0002639,987,577,09-05-2025,26-05-2025,31-05-2025,2,Checked-In
B0002178,459,578,03-02-2025,14-02-2025,19-02-2025,2,Checked-In
B0002557,639,579,21-04-2025,23-04-2025,05-05-2025,2,Checked-In
B0002285,245,580,23-02-2025,15-03-2025,25-03-2025,1,Checked-In
B0002224,982,581,09-02-2025,28-02-2025,11-03-2025,2,Checked-In
B0002020,100,582,04-01-2025,09-01-2025,22-01-2025,2,Checked-In
B0002120,561,583,23-01-2025,08-02-2025,10-02-2025,2,Checked-In
B0002239,322,584,13-02-2025,15-03-2025,20-03-2025,1,Checked-In
B0002350,70,585,13-03-2025,01-04-2025,07-04-2025,2,Checked-In
B0002093,92,586,19-01-2025,25-01-2025,06-02-2025,2,Checked-In
B0002608,265,587,02-05-2025,11-05-2025,24-05-2025,2,Checked-In
B0002193,666,588,05-02-2025,09-02-2025,19-02-2025,2,Checked-In
B0002455,41,589,04-04-2025,02-05-2025,07-05-2025,2,Checked-In
B0002179,419,590,03-02-2025,18-02-2025,24-02-2025,2,Checked-In
B0002112,383,591,22-01-2025,13-02-2025,20-02-2025,2,Checked-In
B0002050,270,594,11-01-2025,31-01-2025,11-02-2025,1,Checked-In
B0002314,759,595,04-03-2025,27-03-2025,10-04-2025,1,Checked-In
B0002136,159,596,27-01-2025,06-02-2025,13-02-2025,1,Checked-In
B0002504,584,598,13-04-2025,11-05-2025,13-05-2025,1,Checked-In
B0002598,398,599,29-04-2025,21-05-2025,23-05-2025,2,Checked-In
B0002602,478,600,30-04-2025,21-05-2025,30-05-2025,4,Checked-In
B0002113,112,601,22-01-2025,28-01-2025,09-02-2025,1,Checked-In
B0002502,940,602,12-04-2025,07-05-2025,14-05-2025,2,Checked-In
B0002413,412,603,26-03-2025,29-03-2025,04-04-2025,3,Checked-In
B0002623,619,604,05-05-2025,12-05-2025,24-05-2025,4,Checked-In
B0002351,118,605,13-03-2025,28-03-2025,29-03-2025,2,Checked-In
B0002604,972,606,01-05-2025,06-05-2025,17-05-2025,2,Checked-In
B0002708,328,607,26-05-2025,28-05-2025,31-05-2025,4,Checked-In
B0002454,64,608,03-04-2025,29-04-2025,06-05-2025,4,Checked-In
B0002070,219,610,14-01-2025,21-01-2025,04-02-2025,1,Checked-In
B0002544,976,612,19-04-2025,28-04-2025,03-05-2025,3,Checked-In
B0002114,181,613,22-01-2025,27-01-2025,29-01-2025,2,Checked-In
B0002108,415,614,21-01-2025,31-01-2025,14-02-2025,3,Checked-In
B0002535,463,615,18-04-2025,05-05-2025,09-05-2025,3,Checked-In
B0002330,915,616,08-03-2025,14-03-2025,28-03-2025,1,Checked-In
B0002552,95,617,20-04-2025,01-05-2025,14-05-2025,2,Checked-In
B0002268,169,618,20-02-2025,04-03-2025,11-03-2025,2,Checked-In
B0002676,487,619,18-05-2025,31-05-2025,31-05-2025,1,Checked-In
B0002565,989,620,22-04-2025,04-05-2025,16-05-2025,3,Checked-In
B0002011,399,621,03-01-2025,21-01-2025,03-02-2025,1,Checked-In
B0002716,80,622,29-05-2025,31-05-2025,31-05-2025,1,Checked-In
B0002400,681,623,23-03-2025,24-03-2025,27-03-2025,1,Checked-In
B0002216,957,625,07-02-2025,23-02-2025,09-03-2025,1,Checked-In
B0002512,117,626,15-04-2025,24-04-2025,03-05-2025,1,Checked-In
B0002174,462,627,02-02-2025,23-02-2025,03-03-2025,1,Checked-In
B0002293,38,628,25-02-2025,21-03-2025,25-03-2025,1,Checked-In
B0002684,714,629,20-05-2025,31-05-2025,31-05-2025,1,Checked-In
B0002435,222,630,31-03-2025,07-04-2025,11-04-2025,1,Checked-In
B0002456,380,631,04-04-2025,05-04-2025,10-04-2025,1,Checked-In
B0002163,515,633,01-02-2025,24-02-2025,04-03-2025,1,Checked-In
B0002518,424,634,16-04-2025,28-04-2025,04-05-2025,1,Checked-In
B0002421,536,636,27-03-2025,31-03-2025,03-04-2025,1,Checked-In
B0002466,439,637,06-04-2025,12-04-2025,21-04-2025,1,Checked-In
B0002566,556,638,22-04-2025,05-05-2025,10-05-2025,1,Checked-In
B0002354,650,639,14-03-2025,06-04-2025,16-04-2025,1,Checked-In
B0002137,90,642,27-01-2025,30-01-2025,10-02-2025,1,Checked-In
B0002519,632,644,16-04-2025,20-04-2025,28-04-2025,1,Checked-In
B0002577,649,645,24-04-2025,11-05-2025,21-05-2025,1,Checked-In
B0002364,684,647,16-03-2025,13-04-2025,20-04-2025,1,Checked-In
B0002589,229,648,27-04-2025,15-05-2025,22-05-2025,1,Checked-In
B0002605,201,649,01-05-2025,05-05-2025,11-05-2025,2,Checked-In
B0002503,423,650,12-04-2025,13-04-2025,19-04-2025,1,Checked-In
B0002355,520,651,14-03-2025,23-03-2025,03-04-2025,2,Checked-In
B0002525,315,652,17-04-2025,09-05-2025,13-05-2025,1,Checked-In
B0002526,922,653,17-04-2025,19-04-2025,20-04-2025,1,Checked-In
B0002467,158,654,06-04-2025,03-05-2025,17-05-2025,2,Checked-In
B0002240,344,655,13-02-2025,04-03-2025,11-03-2025,1,Checked-In
B0002495,570,656,11-04-2025,18-04-2025,28-04-2025,2,Checked-In
B0002071,849,657,14-01-2025,09-02-2025,19-02-2025,2,Checked-In
B0002490,132,659,10-04-2025,04-05-2025,07-05-2025,2,Checked-In
B0002401,926,660,23-03-2025,09-04-2025,12-04-2025,2,Checked-In
B0002133,237,661,26-01-2025,18-02-2025,03-03-2025,1,Checked-In
B0002156,517,662,31-01-2025,21-02-2025,03-03-2025,2,Checked-In
B0002331,864,664,08-03-2025,04-04-2025,13-04-2025,1,Checked-In
B0002405,972,665,24-03-2025,31-03-2025,02-04-2025,1,Checked-In
B0002567,27,666,22-04-2025,23-04-2025,04-05-2025,1,Checked-In
B0002685,29,667,20-05-2025,31-05-2025,31-05-2025,2,Checked-In
B0002180,26,669,03-02-2025,18-02-2025,01-03-2025,2,Checked-In
B0002311,192,670,03-03-2025,24-03-2025,28-03-2025,2,Checked-In
B0002677,199,672,18-05-2025,31-05-2025,31-05-2025,2,Checked-In
B0002332,789,673,08-03-2025,30-03-2025,31-03-2025,2,Checked-In
B0002203,85,674,06-02-2025,27-02-2025,28-02-2025,1,Checked-In
B0002592,114,675,28-04-2025,28-05-2025,31-05-2025,1,Checked-In
B0002204,110,676,06-02-2025,16-02-2025,21-02-2025,1,Checked-In
B0002100,96,677,20-01-2025,05-02-2025,19-02-2025,2,Checked-In
B0002286,935,678,23-02-2025,08-03-2025,10-03-2025,2,Checked-In
B0002034,815,679,06-01-2025,20-01-2025,22-01-2025,2,Checked-In
B0002101,983,680,20-01-2025,27-01-2025,07-02-2025,2,Checked-In
B0002395,385,681,22-03-2025,12-04-2025,20-04-2025,1,Checked-In
B0002375,185,683,18-03-2025,19-03-2025,22-03-2025,1,Checked-In
B0002430,121,684,29-03-2025,10-04-2025,18-04-2025,1,Checked-In
B0002657,163,686,14-05-2025,31-05-2025,31-05-2025,1,Checked-In
B0002040,198,689,08-01-2025,26-01-2025,27-01-2025,1,Checked-In
B0002457,222,691,04-04-2025,08-04-2025,12-04-2025,1,Checked-In
B0002194,336,692,05-02-2025,13-02-2025,15-02-2025,1,Checked-In
B0002349,275,694,12-03-2025,28-03-2025,01-04-2025,1,Checked-In
B0002694,357,696,22-05-2025,31-05-2025,31-05-2025,2,Checked-In
B0002631,764,697,07-05-2025,21-05-2025,30-05-2025,2,Checked-In
B0002266,945,699,19-02-2025,28-02-2025,03-03-2025,1,Checked-In
B0002352,704,700,13-03-2025,26-03-2025,28-03-2025,5,Checked-In
B0002732,813,701,31-05-2025,31-05-2025,31-05-2025,2,Checked-In
B0002624,977,702,05-05-2025,19-05-2025,27-05-2025,4,Checked-In
B0002343,611,703,11-03-2025,07-04-2025,13-04-2025,1,Checked-In
B0002482,622,704,09-04-2025,23-04-2025,27-04-2025,3,Checked-In
B0002089,383,706,17-01-2025,01-02-2025,04-02-2025,1,Checked-In
B0002647,982,707,11-05-2025,20-05-2025,30-05-2025,4,Checked-In
B0002666,301,709,16-05-2025,28-05-2025,31-05-2025,1,Checked-In
B0002251,118,711,16-02-2025,14-03-2025,20-03-2025,2,Checked-In
B0002256,810,712,17-02-2025,01-03-2025,05-03-2025,1,Checked-In
B0002468,221,713,06-04-2025,18-04-2025,21-04-2025,2,Checked-In
B0002012,126,714,03-01-2025,14-01-2025,26-01-2025,1,Checked-In
B0002414,735,715,26-03-2025,02-04-2025,10-04-2025,3,Checked-In
B0002406,815,716,24-03-2025,22-04-2025,26-04-2025,3,Checked-In
B0002483,68,717,09-04-2025,19-04-2025,29-04-2025,1,Checked-In
B0002294,540,718,25-02-2025,01-03-2025,10-03-2025,2,Checked-In
B0002102,734,719,20-01-2025,08-02-2025,19-02-2025,2,Checked-In
B0002568,699,720,22-04-2025,03-05-2025,17-05-2025,2,Checked-In
B0002269,203,721,20-02-2025,22-02-2025,07-03-2025,1,Checked-In
B0002058,511,722,12-01-2025,21-01-2025,28-01-2025,1,Checked-In
B0002585,128,723,26-04-2025,02-05-2025,12-05-2025,1,Checked-In
B0002484,606,724,09-04-2025,17-04-2025,27-04-2025,1,Checked-In
B0002027,292,725,05-01-2025,26-01-2025,08-02-2025,1,Checked-In
B0002599,934,726,29-04-2025,09-05-2025,12-05-2025,1,Checked-In
B0002671,38,727,17-05-2025,31-05-2025,31-05-2025,1,Checked-In
B0002028,346,728,05-01-2025,08-01-2025,16-01-2025,1,Checked-In
B0002527,850,729,17-04-2025,11-05-2025,16-05-2025,1,Checked-In
B0002431,325,730,30-03-2025,12-04-2025,14-04-2025,1,Checked-In
B0002064,506,731,13-01-2025,26-01-2025,31-01-2025,1,Checked-In
B0002164,506,733,01-02-2025,28-02-2025,06-03-2025,1,Checked-In
B0002301,30,734,27-02-2025,01-03-2025,15-03-2025,1,Checked-In
B0002138,143,735,27-01-2025,07-02-2025,21-02-2025,1,Checked-In
B0002241,232,737,13-02-2025,16-02-2025,20-02-2025,1,Checked-In
B0002678,836,738,18-05-2025,19-05-2025,31-05-2025,1,Checked-In
B0002059,266,739,12-01-2025,16-01-2025,17-01-2025,1,Checked-In
B0002335,77,740,09-03-2025,20-03-2025,01-04-2025,1,Checked-In
B0002242,277,741,13-02-2025,15-03-2025,18-03-2025,2,Checked-In
B0002175,123,742,02-02-2025,13-02-2025,27-02-2025,1,Checked-In
B0002722,772,743,30-05-2025,31-05-2025,31-05-2025,2,Checked-In
B0002582,653,744,25-04-2025,17-05-2025,19-05-2025,1,Checked-In
B0002613,592,745,03-05-2025,25-05-2025,31-05-2025,2,Checked-In
B0002619,330,746,04-05-2025,12-05-2025,14-05-2025,2,Checked-In
B0002368,785,747,17-03-2025,09-04-2025,11-04-2025,2,Checked-In
B0002315,572,748,04-03-2025,26-03-2025,06-04-2025,1,Checked-In
B0002103,712,749,20-01-2025,23-01-2025,31-01-2025,1,Checked-In
B0002021,218,750,04-01-2025,26-01-2025,30-01-2025,2,Checked-In
B0002485,839,753,09-04-2025,16-04-2025,24-04-2025,1,Checked-In
B0002287,349,754,23-02-2025,22-03-2025,01-04-2025,2,Checked-In
B0002389,779,755,21-03-2025,13-04-2025,21-04-2025,1,Checked-In
B0002642,869,757,10-05-2025,14-05-2025,17-05-2025,1,Checked-In
B0002458,939,758,04-04-2025,17-04-2025,25-04-2025,1,Checked-In
B0002505,799,759,13-04-2025,20-04-2025,22-04-2025,2,Checked-In
B0002237,434,760,12-02-2025,06-03-2025,11-03-2025,1,Checked-In
B0002600,151,761,29-04-2025,28-05-2025,30-05-2025,1,Checked-In
B0002029,247,762,05-01-2025,03-02-2025,11-02-2025,1,Checked-In
B0002041,274,763,08-01-2025,24-01-2025,04-02-2025,2,Checked-In
B0002336,361,764,09-03-2025,13-03-2025,22-03-2025,1,Checked-In
B0002558,363,765,21-04-2025,28-04-2025,01-05-2025,2,Checked-In
B0002559,515,767,21-04-2025,08-05-2025,14-05-2025,1,Checked-In
B0002344,452,768,11-03-2025,23-03-2025,25-03-2025,1,Checked-In
B0002479,665,769,08-04-2025,02-05-2025,09-05-2025,1,Checked-In
B0002259,302,770,18-02-2025,03-03-2025,06-03-2025,2,Checked-In
B0002632,543,771,07-05-2025,24-05-2025,31-05-2025,1,Checked-In
B0002065,698,772,13-01-2025,03-02-2025,07-02-2025,1,Checked-In
B0002154,225,773,30-01-2025,01-02-2025,02-02-2025,2,Checked-In
B0002090,245,774,17-01-2025,04-02-2025,06-02-2025,2,Checked-In
B0002510,232,775,14-04-2025,27-04-2025,04-05-2025,1,Checked-In
B0002340,226,777,10-03-2025,26-03-2025,30-03-2025,1,Checked-In
B0002279,805,779,22-02-2025,06-03-2025,17-03-2025,2,Checked-In
B0002362,723,780,15-03-2025,08-04-2025,09-04-2025,1,Checked-In
B0002640,190,781,09-05-2025,31-05-2025,31-05-2025,2,Checked-In
B0002386,757,782,20-03-2025,17-04-2025,29-04-2025,1,Checked-In
B0002396,175,783,22-03-2025,13-04-2025,15-04-2025,1,Checked-In
B0002422,192,784,27-03-2025,25-04-2025,03-05-2025,1,Checked-In
B0002022,986,785,04-01-2025,26-01-2025,03-02-2025,2,Checked-In
B0002035,343,786,06-01-2025,12-01-2025,17-01-2025,1,Checked-In
B0002013,175,787,03-01-2025,23-01-2025,29-01-2025,2,Checked-In
B0002003,598,788,01-01-2025,17-01-2025,31-01-2025,1,Checked-In
B0002147,484,789,29-01-2025,31-01-2025,14-02-2025,1,Checked-In
B0002365,581,790,16-03-2025,12-04-2025,16-04-2025,1,Checked-In
B0002217,774,791,07-02-2025,04-03-2025,06-03-2025,1,Checked-In
B0002423,312,792,27-03-2025,11-04-2025,19-04-2025,2,Checked-In
B0002328,559,794,07-03-2025,29-03-2025,06-04-2025,2,Checked-In
B0002593,374,795,28-04-2025,29-04-2025,13-05-2025,2,Checked-In
B0002424,309,797,27-03-2025,25-04-2025,04-05-2025,2,Checked-In
B0002345,116,798,11-03-2025,02-04-2025,11-04-2025,1,Checked-In
B0002520,152,799,16-04-2025,14-05-2025,18-05-2025,1,Checked-In
B0002637,366,800,08-05-2025,09-05-2025,13-05-2025,5,Checked-In
B0002560,759,802,21-04-2025,03-05-2025,07-05-2025,1,Checked-In
B0002474,199,803,07-04-2025,28-04-2025,30-04-2025,3,Checked-In
B0002686,899,804,20-05-2025,31-05-2025,31-05-2025,2,Checked-In
B0002436,272,805,31-03-2025,29-04-2025,05-05-2025,4,Checked-In
B0002528,604,806,17-04-2025,26-04-2025,01-05-2025,2,Checked-In
B0002717,43,807,29-05-2025,31-05-2025,31-05-2025,3,Checked-In
B0002165,855,808,01-02-2025,15-02-2025,28-02-2025,4,Checked-In
B0002432,581,809,30-03-2025,09-04-2025,11-04-2025,1,Checked-In
B0002218,511,810,07-02-2025,22-02-2025,05-03-2025,2,Checked-In
B0002366,536,811,16-03-2025,05-04-2025,14-04-2025,3,Checked-In
B0002380,167,812,19-03-2025,04-04-2025,09-04-2025,1,Checked-In
B0002369,819,813,17-03-2025,18-03-2025,26-03-2025,1,Checked-In
B0002356,223,815,14-03-2025,10-04-2025,20-04-2025,1,Checked-In
B0002629,55,816,06-05-2025,16-05-2025,17-05-2025,2,Checked-In
B0002004,361,817,01-01-2025,03-01-2025,08-01-2025,1,Checked-In
B0002357,359,818,14-03-2025,09-04-2025,23-04-2025,3,Checked-In
B0002702,682,819,24-05-2025,29-05-2025,31-05-2025,3,Checked-In
B0002205,278,820,06-02-2025,02-03-2025,06-03-2025,2,Checked-In
B0002109,600,821,21-01-2025,31-01-2025,04-02-2025,1,Checked-In
B0002439,485,822,01-04-2025,09-04-2025,22-04-2025,1,Checked-In
B0002506,433,823,13-04-2025,12-05-2025,14-05-2025,1,Checked-In
B0002381,943,824,19-03-2025,08-04-2025,13-04-2025,1,Checked-In
B0002569,578,825,22-04-2025,14-05-2025,20-05-2025,1,Checked-In
B0002271,700,826,21-02-2025,02-03-2025,05-03-2025,1,Checked-In
B0002272,568,827,21-02-2025,03-03-2025,08-03-2025,1,Checked-In
B0002709,305,828,26-05-2025,31-05-2025,31-05-2025,1,Checked-In
B0002252,559,830,16-02-2025,01-03-2025,14-03-2025,1,Checked-In
B0002195,99,831,05-02-2025,22-02-2025,02-03-2025,1,Checked-In
B0002448,516,833,02-04-2025,17-04-2025,23-04-2025,1,Checked-In
B0002536,478,834,18-04-2025,02-05-2025,10-05-2025,1,Checked-In
B0002703,935,835,24-05-2025,25-05-2025,31-05-2025,1,Checked-In
B0002196,91,836,05-02-2025,25-02-2025,02-03-2025,1,Checked-In
B0002650,595,837,12-05-2025,24-05-2025,27-05-2025,1,Checked-In
B0002496,55,838,11-04-2025,16-04-2025,23-04-2025,1,Checked-In
B0002651,474,839,13-05-2025,28-05-2025,31-05-2025,1,Checked-In
B0002077,87,840,15-01-2025,24-01-2025,07-02-2025,1,Checked-In
B0002127,342,841,25-01-2025,21-02-2025,26-02-2025,2,Checked-In
B0002415,708,842,26-03-2025,23-04-2025,24-04-2025,1,Checked-In
B0002723,759,844,30-05-2025,31-05-2025,31-05-2025,1,Checked-In
B0002280,719,845,22-02-2025,11-03-2025,14-03-2025,2,Checked-In
B0002302,140,846,27-02-2025,28-03-2025,08-04-2025,1,Checked-In
B0002390,309,847,21-03-2025,14-04-2025,15-04-2025,2,Checked-In
B0002273,639,848,21-02-2025,25-02-2025,27-02-2025,1,Checked-In
B0002157,157,849,31-01-2025,17-02-2025,19-02-2025,1,Checked-In
B0002139,210,850,27-01-2025,12-02-2025,13-02-2025,2,Checked-In
B0002078,401,851,15-01-2025,14-02-2025,16-02-2025,2,Checked-In
B0002620,415,852,04-05-2025,10-05-2025,24-05-2025,1,Checked-In
B0002687,862,854,20-05-2025,29-05-2025,31-05-2025,2,Checked-In
B0002166,880,856,01-02-2025,15-02-2025,18-02-2025,1,Checked-In
B0002206,190,858,06-02-2025,05-03-2025,17-03-2025,1,Checked-In
B0002648,175,860,11-05-2025,31-05-2025,31-05-2025,1,Checked-In
B0002614,488,863,03-05-2025,13-05-2025,18-05-2025,1,Checked-In
B0002733,983,864,31-05-2025,31-05-2025,31-05-2025,2,Checked-In
B0002486,401,867,09-04-2025,02-05-2025,15-05-2025,1,Checked-In
B0002529,476,868,17-04-2025,14-05-2025,21-05-2025,1,Checked-In
B0002358,29,870,14-03-2025,29-03-2025,31-03-2025,2,Checked-In
B0002718,12,871,29-05-2025,31-05-2025,31-05-2025,2,Checked-In
B0002440,44,872,01-04-2025,06-04-2025,14-04-2025,2,Checked-In
B0002014,284,873,03-01-2025,09-01-2025,15-01-2025,1,Checked-In
B0002660,358,875,15-05-2025,28-05-2025,31-05-2025,1,Checked-In
B0002221,179,876,08-02-2025,20-02-2025,03-03-2025,2,Checked-In
B0002197,471,878,05-02-2025,14-02-2025,27-02-2025,2,Checked-In
B0002497,946,879,11-04-2025,14-04-2025,28-04-2025,2,Checked-In
B0002606,386,880,01-05-2025,21-05-2025,31-05-2025,1,Checked-In
B0002643,590,881,10-05-2025,31-05-2025,31-05-2025,2,Checked-In
B0002407,133,882,24-03-2025,12-04-2025,22-04-2025,2,Checked-In
B0002511,599,883,14-04-2025,17-04-2025,18-04-2025,1,Checked-In
B0002229,873,884,10-02-2025,18-02-2025,20-02-2025,1,Checked-In
B0002609,512,885,02-05-2025,13-05-2025,26-05-2025,1,Checked-In
B0002307,791,886,02-03-2025,06-03-2025,09-03-2025,2,Checked-In
B0002537,774,887,18-04-2025,18-05-2025,20-05-2025,1,Checked-In
B0002322,627,888,06-03-2025,10-03-2025,11-03-2025,1,Checked-In
B0002469,453,889,06-04-2025,26-04-2025,07-05-2025,1,Checked-In
B0002244,946,891,14-02-2025,25-02-2025,27-02-2025,2,Checked-In
B0002186,387,893,04-02-2025,25-02-2025,07-03-2025,1,Checked-In
B0002323,201,894,06-03-2025,22-03-2025,30-03-2025,2,Checked-In
B0002274,231,895,21-02-2025,17-03-2025,20-03-2025,2,Checked-In
B0002667,834,896,16-05-2025,31-05-2025,31-05-2025,1,Checked-In
B0002724,89,897,30-05-2025,31-05-2025,31-05-2025,1,Checked-In
B0002046,209,898,09-01-2025,04-02-2025,07-02-2025,1,Checked-In
B0002513,369,901,15-04-2025,04-05-2025,13-05-2025,1,Checked-In
B0002257,349,902,17-02-2025,11-03-2025,23-03-2025,4,Checked-In
B0002288,195,904,23-02-2025,14-03-2025,28-03-2025,4,Checked-In
B0002441,513,905,01-04-2025,13-04-2025,23-04-2025,2,Checked-In
B0002092,821,906,18-01-2025,02-02-2025,09-02-2025,4,Checked-In
B0002094,895,907,19-01-2025,07-02-2025,09-02-2025,2,Checked-In
B0002652,802,908,13-05-2025,23-05-2025,25-05-2025,1,Checked-In
B0002306,511,909,01-03-2025,03-03-2025,13-03-2025,3,Checked-In
B0002303,24,910,27-02-2025,26-03-2025,31-03-2025,3,Checked-In
B0002449,400,911,02-04-2025,05-04-2025,19-04-2025,1,Checked-In
B0002363,992,912,15-03-2025,18-03-2025,27-03-2025,3,Checked-In
B0002653,248,913,13-05-2025,31-05-2025,31-05-2025,3,Checked-In
B0002507,320,914,13-04-2025,03-05-2025,04-05-2025,3,Checked-In
B0002148,715,915,29-01-2025,17-02-2025,25-02-2025,2,Checked-In
B0002042,669,916,08-01-2025,10-01-2025,16-01-2025,2,Checked-In
B0002275,268,917,21-02-2025,04-03-2025,17-03-2025,1,Checked-In
B0002281,143,919,22-02-2025,12-03-2025,26-03-2025,3,Checked-In
B0002086,338,921,16-01-2025,24-01-2025,01-02-2025,1,Checked-In
B0002706,825,922,25-05-2025,31-05-2025,31-05-2025,1,Checked-In
B0002095,355,923,19-01-2025,02-02-2025,12-02-2025,1,Checked-In
B0002695,909,924,22-05-2025,31-05-2025,31-05-2025,1,Checked-In
B0002051,741,925,11-01-2025,15-01-2025,16-01-2025,1,Checked-In
B0002304,520,926,27-02-2025,20-03-2025,26-03-2025,1,Checked-In
B0002382,490,927,19-03-2025,14-04-2025,28-04-2025,1,Checked-In
B0002079,22,928,15-01-2025,16-01-2025,29-01-2025,1,Checked-In
B0002480,548,930,08-04-2025,30-04-2025,11-05-2025,1,Checked-In
B0002621,566,931,04-05-2025,06-05-2025,13-05-2025,1,Checked-In
B0002176,713,932,02-02-2025,16-02-2025,28-02-2025,1,Checked-In
B0002198,563,933,05-02-2025,09-02-2025,17-02-2025,1,Checked-In
B0002463,919,934,05-04-2025,17-04-2025,21-04-2025,1,Checked-In
B0002080,448,935,15-01-2025,23-01-2025,27-01-2025,1,Checked-In
B0002015,603,936,03-01-2025,11-01-2025,18-01-2025,1,Checked-In
B0002023,822,937,04-01-2025,01-02-2025,13-02-2025,1,Checked-In
B0002081,833,938,15-01-2025,18-01-2025,19-01-2025,1,Checked-In
B0002253,450,939,16-02-2025,26-02-2025,27-02-2025,1,Checked-In
B0002316,359,941,04-03-2025,14-03-2025,17-03-2025,2,Checked-In
B0002167,491,942,01-02-2025,23-02-2025,25-02-2025,1,Checked-In
B0002688,257,943,20-05-2025,27-05-2025,31-05-2025,2,Checked-In
B0002298,920,944,26-02-2025,13-03-2025,25-03-2025,2,Checked-In
B0002459,965,947,04-04-2025,29-04-2025,08-05-2025,2,Checked-In
B0002317,890,949,04-03-2025,21-03-2025,26-03-2025,2,Checked-In
B0002679,715,950,19-05-2025,31-05-2025,31-05-2025,1,Checked-In
B0002521,355,951,16-04-2025,09-05-2025,19-05-2025,2,Checked-In
B0002110,287,952,21-01-2025,28-01-2025,31-01-2025,1,Checked-In
B0002696,313,953,22-05-2025,29-05-2025,31-05-2025,2,Checked-In
B0002207,743,954,06-02-2025,08-02-2025,12-02-2025,2,Checked-In
B0002590,666,955,27-04-2025,01-05-2025,02-05-2025,2,Checked-In
B0002047,857,956,09-01-2025,18-01-2025,23-01-2025,2,Checked-In
B0002115,308,957,22-01-2025,24-01-2025,29-01-2025,2,Checked-In
B0002030,508,958,05-01-2025,02-02-2025,09-02-2025,2,Checked-In
B0002060,455,959,12-01-2025,20-01-2025,24-01-2025,2,Checked-In
B0002561,189,961,21-04-2025,09-05-2025,10-05-2025,2,Checked-In
B0002680,33,962,19-05-2025,31-05-2025,31-05-2025,1,Checked-In
B0002426,932,963,28-03-2025,27-04-2025,11-05-2025,2,Checked-In
B0002295,830,964,25-02-2025,22-03-2025,23-03-2025,2,Checked-In
B0002570,744,965,22-04-2025,20-05-2025,27-05-2025,1,Checked-In
B0002143,827,966,28-01-2025,15-02-2025,22-02-2025,2,Checked-In
B0002672,880,967,17-05-2025,31-05-2025,31-05-2025,2,Checked-In
B0002481,167,968,08-04-2025,23-04-2025,05-05-2025,1,Checked-In
B0002024,136,969,04-01-2025,13-01-2025,26-01-2025,2,Checked-In
B0002321,88,970,05-03-2025,30-03-2025,08-04-2025,2,Checked-In
B0002712,346,972,27-05-2025,31-05-2025,31-05-2025,2,Checked-In
B0002341,371,973,10-03-2025,01-04-2025,06-04-2025,1,Checked-In
B0002387,128,974,20-03-2025,08-04-2025,19-04-2025,2,Checked-In
B0002337,857,975,09-03-2025,06-04-2025,09-04-2025,2,Checked-In
B0002031,474,976,05-01-2025,20-01-2025,21-01-2025,2,Checked-In
B0002450,38,978,02-04-2025,18-04-2025,29-04-2025,1,Checked-In
B0002082,419,979,15-01-2025,03-02-2025,05-02-2025,2,Checked-In
B0002697,919,980,22-05-2025,31-05-2025,31-05-2025,2,Checked-In
B0002333,185,981,08-03-2025,02-04-2025,15-04-2025,2,Checked-In
B0002633,266,982,07-05-2025,12-05-2025,16-05-2025,1,Checked-In
B0002066,151,983,13-01-2025,21-01-2025,23-01-2025,1,Checked-In
B0002644,189,984,10-05-2025,31-05-2025,31-05-2025,2,Checked-In
B0002698,43,985,22-05-2025,31-05-2025,31-05-2025,1,Checked-In
B0002334,975,987,08-03-2025,17-03-2025,18-03-2025,2,Checked-In
B0002061,554,989,12-01-2025,01-02-2025,05-02-2025,2,Checked-In
B0002104,112,990,20-01-2025,06-02-2025,14-02-2025,1,Checked-In
B0002105,524,991,20-01-2025,28-01-2025,01-02-2025,2,Checked-In
B0002470,585,992,06-04-2025,03-05-2025,17-05-2025,2,Checked-In
B0002553,74,994,20-04-2025,19-05-2025,24-05-2025,1,Checked-In
B0002410,26,995,25-03-2025,14-04-2025,27-04-2025,2,Checked-In
B0002514,344,996,15-04-2025,14-05-2025,25-05-2025,2,Checked-In
B0002370,482,998,17-03-2025,06-04-2025,07-04-2025,1,Checked-In
B0002062,378,999,12-01-2025,22-01-2025,25-01-2025,1,Checked-In
