BookingID,CustomerID,RoomID,CheckInDate,CheckOutDate,BookingDate,NumberOfGuests,Status
B0002734,460,730,29-07-2025,30-07-2025,01-06-2025,1,Confirmed
B0002735,562,953,21-06-2025,10-07-2025,01-06-2025,1,Confirmed
B0002736,184,409,17-07-2025,26-07-2025,01-06-2025,2,Confirmed
B0002737,336,222,03-07-2025,27-07-2025,01-06-2025,1,Confirmed
B0002738,293,649,26-07-2025,27-07-2025,01-06-2025,2,Confirmed
B0002739,162,564,18-07-2025,30-07-2025,01-06-2025,2,Confirmed
B0002740,332,354,18-06-2025,13-07-2025,01-06-2025,1,Confirmed
B0002741,736,290,19-07-2025,25-07-2025,01-06-2025,2,Confirmed
B0002742,717,402,26-07-2025,30-07-2025,02-06-2025,3,Confirmed
B0002743,459,911,08-06-2025,27-06-2025,02-06-2025,1,Confirmed
B0002744,497,224,13-07-2025,21-07-2025,02-06-2025,1,Confirmed
B0002745,655,214,20-07-2025,25-07-2025,02-06-2025,1,Confirmed
B0002746,984,216,20-07-2025,23-07-2025,02-06-2025,2,Confirmed
B0002747,301,306,24-07-2025,26-07-2025,03-06-2025,1,Confirmed
B0002748,120,243,06-06-2025,26-06-2025,03-06-2025,2,Confirmed
B0002749,513,141,06-06-2025,15-06-2025,03-06-2025,2,Confirmed
B0002750,485,359,22-07-2025,26-07-2025,03-06-2025,2,Confirmed
B0002751,801,548,12-06-2025,17-06-2025,03-06-2025,1,Confirmed
B0002752,593,174,01-07-2025,13-07-2025,03-06-2025,1,Confirmed
B0002753,195,360,19-07-2025,26-07-2025,03-06-2025,1,Confirmed
B0002754,441,230,23-06-2025,17-07-2025,03-06-2025,1,Confirmed
B0002755,850,383,04-06-2025,26-06-2025,03-06-2025,1,Confirmed
B0002756,593,708,13-07-2025,16-07-2025,03-06-2025,4,Confirmed
B0002757,863,677,26-07-2025,27-07-2025,03-06-2025,1,Confirmed
B0002758,962,386,18-07-2025,24-07-2025,03-06-2025,1,Confirmed
B0002759,605,532,05-06-2025,11-06-2025,03-06-2025,1,Confirmed
B0002760,766,421,08-06-2025,16-07-2025,04-06-2025,1,Confirmed
B0002761,47,510,11-07-2025,29-07-2025,04-06-2025,2,Confirmed
B0002762,145,199,23-06-2025,18-07-2025,04-06-2025,2,Confirmed
B0002763,583,735,14-07-2025,18-07-2025,04-06-2025,1,Confirmed
B0002764,478,525,18-06-2025,15-07-2025,04-06-2025,1,Confirmed
B0002765,281,146,10-07-2025,20-07-2025,04-06-2025,1,Confirmed
B0002766,258,966,10-06-2025,21-07-2025,04-06-2025,2,Confirmed
B0002767,333,915,23-06-2025,16-07-2025,04-06-2025,2,Confirmed
B0002768,704,585,11-06-2025,17-06-2025,05-06-2025,1,Confirmed
B0002769,847,245,09-06-2025,20-06-2025,05-06-2025,2,Confirmed
B0002770,455,881,12-07-2025,17-07-2025,05-06-2025,2,Confirmed
B0002771,906,188,25-06-2025,21-07-2025,05-06-2025,2,Confirmed
B0002772,361,619,25-06-2025,25-07-2025,05-06-2025,2,Confirmed
B0002773,411,603,12-07-2025,14-07-2025,05-06-2025,2,Confirmed
B0002774,305,564,20-07-2025,21-07-2025,05-06-2025,1,Confirmed
B0002775,324,869,06-06-2025,06-07-2025,05-06-2025,1,Confirmed
B0002776,932,554,11-06-2025,02-07-2025,05-06-2025,1,Confirmed
B0002777,798,272,08-07-2025,29-07-2025,05-06-2025,1,Confirmed
B0002778,373,541,18-07-2025,24-07-2025,05-06-2025,2,Confirmed
B0002779,522,605,25-07-2025,26-07-2025,06-06-2025,1,Confirmed
B0002780,295,831,29-06-2025,28-07-2025,06-06-2025,1,Confirmed
B0002781,930,887,18-07-2025,28-07-2025,06-06-2025,1,Confirmed
B0002782,792,396,21-06-2025,28-06-2025,06-06-2025,2,Confirmed
B0002783,329,205,27-06-2025,16-07-2025,06-06-2025,3,Confirmed
B0002784,610,825,26-06-2025,21-07-2025,06-06-2025,1,Confirmed
B0002785,530,295,22-06-2025,19-07-2025,06-06-2025,2,Confirmed
B0002786,997,487,12-07-2025,22-07-2025,06-06-2025,2,Confirmed
B0002787,175,279,16-07-2025,30-07-2025,06-06-2025,2,Confirmed
B0002788,259,954,07-07-2025,08-07-2025,06-06-2025,1,Confirmed
B0002789,68,437,13-07-2025,26-07-2025,07-06-2025,1,Confirmed
B0002790,411,785,19-06-2025,28-06-2025,07-06-2025,2,Confirmed
B0002791,95,489,30-06-2025,28-07-2025,07-06-2025,2,Confirmed
B0002792,329,786,18-06-2025,10-07-2025,07-06-2025,2,Confirmed
B0002793,621,623,03-07-2025,22-07-2025,08-06-2025,1,Confirmed
B0002794,575,109,13-06-2025,28-07-2025,08-06-2025,2,Confirmed
B0002795,680,968,25-07-2025,28-07-2025,08-06-2025,2,Confirmed
B0002796,340,789,05-07-2025,24-07-2025,08-06-2025,2,Confirmed
B0002797,521,329,21-06-2025,30-06-2025,08-06-2025,1,Confirmed
B0002798,940,677,12-06-2025,18-07-2025,08-06-2025,1,Confirmed
B0002799,248,577,26-06-2025,25-07-2025,08-06-2025,1,Confirmed
B0002800,811,249,12-06-2025,01-07-2025,09-06-2025,2,Confirmed
B0002801,698,889,10-06-2025,16-07-2025,09-06-2025,1,Confirmed
B0002802,713,951,28-07-2025,31-07-2025,09-06-2025,2,Confirmed
B0002803,659,538,09-07-2025,15-07-2025,09-06-2025,1,Confirmed
B0002804,441,279,04-07-2025,22-07-2025,09-06-2025,1,Confirmed
B0002805,880,248,14-07-2025,23-07-2025,09-06-2025,1,Confirmed
B0002806,197,331,19-06-2025,24-06-2025,09-06-2025,1,Confirmed
B0002807,205,225,14-06-2025,13-07-2025,09-06-2025,1,Confirmed
B0002808,905,153,21-06-2025,31-07-2025,10-06-2025,1,Confirmed
B0002809,128,630,30-06-2025,06-07-2025,10-06-2025,1,Confirmed
B0002810,349,384,24-06-2025,16-07-2025,10-06-2025,1,Confirmed
B0002811,587,649,21-06-2025,12-07-2025,10-06-2025,2,Confirmed
B0002812,976,131,19-07-2025,30-07-2025,10-06-2025,1,Confirmed
B0002813,337,892,19-07-2025,20-07-2025,10-06-2025,2,Confirmed
B0002814,928,625,08-07-2025,11-07-2025,10-06-2025,1,Confirmed
B0002815,410,349,22-07-2025,23-07-2025,10-06-2025,1,Confirmed
B0002816,349,721,01-07-2025,29-07-2025,10-06-2025,1,Confirmed
B0002817,607,694,21-06-2025,31-07-2025,10-06-2025,2,Confirmed
B0002818,786,477,20-07-2025,30-07-2025,11-06-2025,1,Confirmed
B0002819,797,938,01-07-2025,05-07-2025,11-06-2025,1,Confirmed
B0002820,195,881,13-07-2025,30-07-2025,11-06-2025,2,Confirmed
B0002821,677,183,27-06-2025,09-07-2025,11-06-2025,1,Confirmed
B0002822,598,591,15-07-2025,28-07-2025,11-06-2025,1,Confirmed
B0002823,157,742,25-07-2025,29-07-2025,11-06-2025,1,Confirmed
B0002824,925,160,06-07-2025,07-07-2025,11-06-2025,2,Confirmed
B0002825,22,432,21-07-2025,29-07-2025,11-06-2025,1,Confirmed
B0002826,653,368,29-07-2025,31-07-2025,11-06-2025,2,Confirmed
B0002827,477,414,07-07-2025,29-07-2025,11-06-2025,3,Confirmed
B0002828,517,761,15-06-2025,01-07-2025,12-06-2025,2,Confirmed
B0002829,899,367,20-07-2025,25-07-2025,12-06-2025,1,Confirmed
B0002830,83,971,17-06-2025,26-07-2025,12-06-2025,1,Confirmed
B0002831,904,957,15-06-2025,11-07-2025,12-06-2025,2,Confirmed
B0002832,294,518,21-06-2025,18-07-2025,12-06-2025,2,Confirmed
B0002833,939,384,20-07-2025,27-07-2025,12-06-2025,2,Confirmed
B0002834,25,775,09-07-2025,20-07-2025,13-06-2025,2,Confirmed
B0002835,225,751,23-07-2025,28-07-2025,13-06-2025,1,Confirmed
B0002836,544,622,06-07-2025,18-07-2025,13-06-2025,1,Confirmed
B0002837,424,155,17-07-2025,23-07-2025,13-06-2025,2,Confirmed
B0002838,568,230,10-07-2025,23-07-2025,13-06-2025,1,Confirmed
B0002839,159,382,30-07-2025,31-07-2025,13-06-2025,1,Confirmed
B0002840,827,516,20-06-2025,27-06-2025,13-06-2025,3,Confirmed
B0002841,407,832,18-06-2025,26-07-2025,13-06-2025,1,Confirmed
B0002842,774,247,22-07-2025,31-07-2025,13-06-2025,2,Confirmed
B0002843,103,952,02-07-2025,10-07-2025,13-06-2025,2,Confirmed
B0002844,971,881,25-07-2025,27-07-2025,14-06-2025,2,Confirmed
B0002845,195,403,18-06-2025,26-07-2025,14-06-2025,1,Confirmed
B0002846,765,643,09-07-2025,23-07-2025,14-06-2025,2,Confirmed
B0002847,76,650,17-07-2025,22-07-2025,14-06-2025,1,Confirmed
B0002848,317,284,06-07-2025,31-07-2025,14-06-2025,2,Confirmed
B0002849,721,556,24-07-2025,27-07-2025,14-06-2025,2,Confirmed
B0002850,187,599,07-07-2025,16-07-2025,14-06-2025,2,Confirmed
B0002851,289,719,30-07-2025,31-07-2025,14-06-2025,1,Confirmed
B0002852,423,807,11-07-2025,28-07-2025,14-06-2025,4,Confirmed
B0002853,20,362,24-06-2025,30-07-2025,14-06-2025,2,Confirmed
B0002854,120,796,30-07-2025,31-07-2025,14-06-2025,1,Confirmed
B0002855,603,667,23-07-2025,27-07-2025,15-06-2025,1,Confirmed
B0002856,975,458,27-07-2025,28-07-2025,15-06-2025,1,Confirmed
B0002857,673,593,22-06-2025,15-07-2025,15-06-2025,2,Confirmed
B0002858,124,353,20-06-2025,12-07-2025,15-06-2025,1,Confirmed
B0002859,938,724,27-07-2025,28-07-2025,15-06-2025,1,Confirmed
B0002860,142,254,10-07-2025,15-07-2025,15-06-2025,1,Confirmed
B0002861,880,581,28-06-2025,28-07-2025,15-06-2025,2,Confirmed
B0002862,111,791,16-07-2025,17-07-2025,15-06-2025,2,Confirmed
B0002863,299,133,04-07-2025,27-07-2025,15-06-2025,1,Confirmed
B0002864,798,535,27-06-2025,31-07-2025,15-06-2025,1,Confirmed
B0002865,689,417,28-06-2025,08-07-2025,15-06-2025,1,Confirmed
B0002866,795,918,24-07-2025,31-07-2025,15-06-2025,2,Confirmed
B0002867,27,193,29-07-2025,30-07-2025,15-06-2025,2,Confirmed
B0002868,442,249,20-07-2025,27-07-2025,16-06-2025,1,Confirmed
B0002869,528,688,26-06-2025,15-07-2025,16-06-2025,2,Confirmed
B0002870,635,799,18-07-2025,28-07-2025,16-06-2025,1,Confirmed
B0002871,865,208,14-07-2025,27-07-2025,16-06-2025,1,Confirmed
B0002872,455,555,10-07-2025,14-07-2025,16-06-2025,2,Confirmed
B0002873,569,876,17-07-2025,28-07-2025,16-06-2025,2,Confirmed
B0002874,119,199,21-07-2025,24-07-2025,16-06-2025,2,Confirmed
B0002875,515,482,11-07-2025,14-07-2025,16-06-2025,2,Confirmed
B0002876,633,170,27-07-2025,30-07-2025,16-06-2025,1,Confirmed
B0002877,415,808,06-07-2025,28-07-2025,16-06-2025,3,Confirmed
B0002878,842,797,19-06-2025,26-07-2025,16-06-2025,1,Confirmed
B0002879,286,573,21-06-2025,20-07-2025,16-06-2025,1,Confirmed
B0002880,692,982,12-07-2025,16-07-2025,16-06-2025,1,Confirmed
B0002881,844,335,16-07-2025,22-07-2025,16-06-2025,1,Confirmed
B0002882,518,568,30-06-2025,19-07-2025,16-06-2025,2,Confirmed
B0002883,637,256,25-06-2025,26-07-2025,16-06-2025,1,Confirmed
B0002884,773,131,29-06-2025,01-07-2025,16-06-2025,1,Confirmed
B0002885,189,152,18-07-2025,20-07-2025,17-06-2025,1,Confirmed
B0002886,397,482,19-06-2025,12-07-2025,17-06-2025,1,Confirmed
B0002887,17,278,21-06-2025,30-06-2025,17-06-2025,2,Confirmed
B0002888,91,422,08-07-2025,12-07-2025,17-06-2025,1,Confirmed
B0002889,106,249,30-06-2025,06-07-2025,17-06-2025,1,Confirmed
B0002890,848,651,24-07-2025,30-07-2025,18-06-2025,2,Confirmed
B0002891,474,488,29-07-2025,30-07-2025,18-06-2025,2,Confirmed
B0002892,630,545,29-07-2025,30-07-2025,18-06-2025,1,Confirmed
B0002893,460,703,19-06-2025,30-06-2025,18-06-2025,4,Confirmed
B0002894,527,343,20-07-2025,24-07-2025,18-06-2025,1,Confirmed
B0002895,691,183,17-07-2025,28-07-2025,18-06-2025,2,Confirmed
B0002896,118,880,25-07-2025,27-07-2025,18-06-2025,2,Confirmed
B0002897,458,871,10-07-2025,20-07-2025,18-06-2025,1,Confirmed
B0002898,783,663,28-07-2025,31-07-2025,18-06-2025,1,Confirmed
B0002899,981,352,24-07-2025,27-07-2025,18-06-2025,1,Confirmed
B0002900,30,284,08-07-2025,19-07-2025,18-06-2025,2,Confirmed
B0002901,68,229,28-07-2025,31-07-2025,18-06-2025,1,Confirmed
B0002902,642,344,17-07-2025,19-07-2025,18-06-2025,2,Confirmed
B0002903,50,151,21-07-2025,31-07-2025,19-06-2025,2,Confirmed
B0002904,114,894,05-07-2025,15-07-2025,19-06-2025,1,Confirmed
B0002905,711,607,15-07-2025,17-07-2025,19-06-2025,4,Confirmed
B0002906,372,666,24-06-2025,19-07-2025,19-06-2025,2,Confirmed
B0002907,563,234,18-07-2025,30-07-2025,19-06-2025,1,Confirmed
B0002908,841,102,09-07-2025,28-07-2025,19-06-2025,4,Confirmed
B0002909,468,965,03-07-2025,16-07-2025,20-06-2025,2,Confirmed
B0002910,593,126,27-07-2025,31-07-2025,20-06-2025,1,Confirmed
B0002911,892,740,23-07-2025,27-07-2025,20-06-2025,1,Confirmed
B0002912,406,991,12-07-2025,20-07-2025,20-06-2025,2,Confirmed
B0002913,462,553,28-07-2025,30-07-2025,20-06-2025,2,Confirmed
B0002914,727,262,26-07-2025,27-07-2025,20-06-2025,2,Confirmed
B0002915,726,676,21-07-2025,22-07-2025,20-06-2025,2,Confirmed
B0002916,885,742,01-07-2025,16-07-2025,21-06-2025,1,Confirmed
B0002917,683,518,17-07-2025,29-07-2025,21-06-2025,2,Confirmed
B0002918,230,128,28-06-2025,20-07-2025,21-06-2025,1,Confirmed
B0002919,336,727,02-07-2025,15-07-2025,21-06-2025,1,Confirmed
B0002920,775,394,10-07-2025,31-07-2025,21-06-2025,1,Confirmed
B0002921,699,965,14-07-2025,17-07-2025,21-06-2025,2,Confirmed
B0002922,539,485,03-07-2025,18-07-2025,21-06-2025,2,Confirmed
B0002923,184,854,19-07-2025,30-07-2025,22-06-2025,1,Confirmed
B0002924,801,371,18-07-2025,29-07-2025,22-06-2025,1,Confirmed
B0002925,103,523,23-07-2025,25-07-2025,22-06-2025,1,Confirmed
B0002926,241,378,13-07-2025,31-07-2025,22-06-2025,1,Confirmed
B0002927,361,659,04-07-2025,31-07-2025,22-06-2025,2,Confirmed
B0002928,519,763,23-06-2025,20-07-2025,22-06-2025,2,Confirmed
B0002929,788,756,30-06-2025,10-07-2025,22-06-2025,2,Confirmed
B0002930,451,495,04-07-2025,20-07-2025,22-06-2025,2,Confirmed
B0002931,659,910,01-07-2025,23-07-2025,22-06-2025,1,Confirmed
B0002932,2,729,09-07-2025,28-07-2025,23-06-2025,1,Confirmed
B0002933,489,106,13-07-2025,26-07-2025,23-06-2025,4,Confirmed
B0002934,558,760,27-06-2025,23-07-2025,23-06-2025,2,Confirmed
B0002935,76,552,13-07-2025,27-07-2025,23-06-2025,2,Confirmed
B0002936,35,693,03-07-2025,06-07-2025,24-06-2025,2,Confirmed
B0002937,268,769,10-07-2025,12-07-2025,24-06-2025,1,Confirmed
B0002938,39,158,13-07-2025,16-07-2025,24-06-2025,1,Confirmed
B0002939,655,402,09-07-2025,17-07-2025,24-06-2025,2,Confirmed
B0002940,45,520,10-07-2025,25-07-2025,24-06-2025,3,Confirmed
B0002941,109,543,24-07-2025,30-07-2025,24-06-2025,1,Confirmed
B0002942,134,878,27-07-2025,28-07-2025,24-06-2025,2,Confirmed
B0002943,798,760,18-07-2025,25-07-2025,24-06-2025,1,Confirmed
B0002944,128,918,22-07-2025,29-07-2025,24-06-2025,3,Confirmed
B0002945,350,261,14-07-2025,25-07-2025,24-06-2025,1,Confirmed
B0002946,110,342,18-07-2025,28-07-2025,25-06-2025,2,Confirmed
B0002947,52,366,16-07-2025,20-07-2025,25-06-2025,2,Confirmed
B0002948,245,685,10-07-2025,24-07-2025,25-06-2025,1,Confirmed
B0002949,568,120,26-07-2025,27-07-2025,25-06-2025,3,Confirmed
B0002950,825,423,14-07-2025,17-07-2025,26-06-2025,1,Confirmed
B0002951,672,611,26-07-2025,28-07-2025,26-06-2025,2,Confirmed
B0002952,994,891,29-07-2025,30-07-2025,26-06-2025,2,Confirmed
B0002953,132,199,20-07-2025,26-07-2025,26-06-2025,2,Confirmed
B0002954,93,909,27-06-2025,14-07-2025,26-06-2025,1,Confirmed
B0002955,920,697,20-07-2025,24-07-2025,26-06-2025,1,Confirmed
B0002956,688,752,20-07-2025,29-07-2025,26-06-2025,1,Confirmed
B0002957,463,333,19-07-2025,27-07-2025,27-06-2025,1,Confirmed
B0002958,727,755,16-07-2025,18-07-2025,27-06-2025,2,Confirmed
B0002959,687,225,20-07-2025,31-07-2025,27-06-2025,1,Confirmed
B0002960,66,524,19-07-2025,28-07-2025,27-06-2025,1,Confirmed
B0002961,786,685,29-06-2025,31-07-2025,27-06-2025,2,Confirmed
B0002962,161,102,26-07-2025,31-07-2025,27-06-2025,4,Confirmed
B0002963,335,865,09-07-2025,16-07-2025,27-06-2025,1,Confirmed
B0002964,829,776,29-06-2025,15-07-2025,27-06-2025,1,Confirmed
B0002965,953,127,01-07-2025,14-07-2025,27-06-2025,1,Confirmed
B0002966,49,344,27-07-2025,28-07-2025,27-06-2025,1,Confirmed
B0002967,740,247,07-07-2025,10-07-2025,27-06-2025,2,Confirmed
B0002968,964,868,02-07-2025,12-07-2025,28-06-2025,2,Confirmed
B0002969,868,511,05-07-2025,21-07-2025,28-06-2025,3,Confirmed
B0002970,662,786,22-07-2025,23-07-2025,28-06-2025,2,Confirmed
B0002971,765,192,05-07-2025,30-07-2025,28-06-2025,1,Confirmed
B0002972,442,462,25-07-2025,29-07-2025,28-06-2025,1,Confirmed
B0002973,435,180,10-07-2025,28-07-2025,28-06-2025,2,Confirmed
B0002974,225,379,30-07-2025,31-07-2025,28-06-2025,2,Confirmed
B0002975,112,710,21-07-2025,27-07-2025,28-06-2025,4,Confirmed
B0002976,787,232,02-07-2025,29-07-2025,28-06-2025,1,Confirmed
B0002977,921,622,25-07-2025,26-07-2025,29-06-2025,1,Confirmed
B0002978,851,661,28-07-2025,29-07-2025,29-06-2025,2,Confirmed
B0002979,177,830,02-07-2025,28-07-2025,29-06-2025,1,Confirmed
B0002980,455,459,01-07-2025,25-07-2025,29-06-2025,2,Confirmed
B0002981,477,552,21-07-2025,25-07-2025,29-06-2025,2,Confirmed
B0002982,498,721,13-07-2025,22-07-2025,29-06-2025,1,Confirmed
B0002983,196,119,10-07-2025,24-07-2025,29-06-2025,1,Confirmed
B0002984,913,491,27-07-2025,31-07-2025,29-06-2025,2,Confirmed
B0002985,195,649,04-07-2025,18-07-2025,29-06-2025,1,Confirmed
B0002986,292,261,26-07-2025,31-07-2025,29-06-2025,2,Confirmed
B0002987,887,252,17-07-2025,25-07-2025,29-06-2025,2,Confirmed
B0002988,361,819,09-07-2025,19-07-2025,30-06-2025,2,Confirmed
B0002989,490,256,24-07-2025,29-07-2025,30-06-2025,2,Confirmed
B0002990,872,616,09-07-2025,16-07-2025,30-06-2025,1,Confirmed
B0002991,137,920,22-07-2025,31-07-2025,30-06-2025,3,Confirmed
B0002992,824,217,03-07-2025,08-07-2025,30-06-2025,1,Confirmed
B0002993,578,323,23-07-2025,28-07-2025,30-06-2025,1,Confirmed
B0002994,250,868,19-07-2025,29-07-2025,30-06-2025,2,Confirmed
B0002995,651,943,30-07-2025,31-07-2025,30-06-2025,2,Confirmed
B0002996,855,594,09-07-2025,24-07-2025,01-07-2025,1,Confirmed
B0002997,326,862,24-07-2025,31-07-2025,01-07-2025,2,Confirmed
B0002998,48,350,21-07-2025,23-07-2025,01-07-2025,2,Confirmed
B0002999,451,525,16-07-2025,20-07-2025,01-07-2025,1,Confirmed
B0003000,222,856,10-07-2025,29-07-2025,01-07-2025,2,Confirmed
B0003001,330,719,18-07-2025,21-07-2025,01-07-2025,1,Confirmed
B0003002,588,391,17-07-2025,25-07-2025,01-07-2025,2,Confirmed
B0003003,658,409,09-07-2025,31-07-2025,01-07-2025,4,Confirmed
B0003004,993,193,13-07-2025,27-07-2025,01-07-2025,2,Confirmed
B0003005,264,944,27-07-2025,30-07-2025,01-07-2025,2,Confirmed
B0003006,707,821,13-07-2025,29-07-2025,02-07-2025,1,Confirmed
B0003007,511,415,03-07-2025,06-07-2025,02-07-2025,2,Confirmed
B0003008,614,431,03-07-2025,07-07-2025,02-07-2025,1,Confirmed
B0003009,513,652,17-07-2025,19-07-2025,02-07-2025,1,Confirmed
B0003010,243,909,03-07-2025,15-07-2025,02-07-2025,3,Confirmed
B0003011,171,516,18-07-2025,22-07-2025,02-07-2025,2,Confirmed
B0003012,345,129,30-07-2025,31-07-2025,02-07-2025,1,Confirmed
B0003013,797,491,20-07-2025,27-07-2025,03-07-2025,1,Confirmed
B0003014,221,873,07-07-2025,19-07-2025,03-07-2025,2,Confirmed
B0003015,630,708,16-07-2025,24-07-2025,03-07-2025,1,Confirmed
B0003016,465,235,17-07-2025,25-07-2025,03-07-2025,1,Confirmed
B0003017,324,417,16-07-2025,30-07-2025,03-07-2025,3,Confirmed
B0003018,847,537,14-07-2025,17-07-2025,03-07-2025,1,Confirmed
B0003019,224,338,23-07-2025,24-07-2025,03-07-2025,1,Confirmed
B0003020,797,470,22-07-2025,24-07-2025,03-07-2025,2,Confirmed
B0003021,539,557,27-07-2025,30-07-2025,04-07-2025,1,Confirmed
B0003022,377,916,13-07-2025,16-07-2025,04-07-2025,3,Confirmed
B0003023,450,636,24-07-2025,26-07-2025,04-07-2025,1,Confirmed
B0003024,478,796,16-07-2025,19-07-2025,04-07-2025,1,Confirmed
B0003025,485,666,16-07-2025,23-07-2025,04-07-2025,2,Confirmed
B0003026,824,585,19-07-2025,22-07-2025,04-07-2025,1,Confirmed
B0003027,52,767,06-07-2025,09-07-2025,05-07-2025,1,Confirmed
B0003028,123,860,30-07-2025,31-07-2025,05-07-2025,1,Confirmed
B0003029,588,792,18-07-2025,25-07-2025,05-07-2025,2,Confirmed
B0003030,122,282,18-07-2025,27-07-2025,05-07-2025,1,Confirmed
B0003031,70,638,22-07-2025,31-07-2025,05-07-2025,1,Confirmed
B0003032,651,275,29-07-2025,30-07-2025,05-07-2025,1,Confirmed
B0003033,533,925,27-07-2025,29-07-2025,05-07-2025,1,Confirmed
B0003034,466,756,22-07-2025,30-07-2025,05-07-2025,1,Confirmed
B0003035,696,963,16-07-2025,17-07-2025,05-07-2025,1,Confirmed
B0003036,988,316,30-07-2025,31-07-2025,05-07-2025,3,Confirmed
B0003037,676,586,12-07-2025,21-07-2025,06-07-2025,2,Confirmed
B0003038,426,818,22-07-2025,31-07-2025,06-07-2025,3,Confirmed
B0003039,850,883,13-07-2025,20-07-2025,06-07-2025,1,Confirmed
B0003040,684,936,16-07-2025,31-07-2025,06-07-2025,1,Confirmed
B0003041,479,922,11-07-2025,31-07-2025,06-07-2025,1,Confirmed
B0003042,532,312,17-07-2025,28-07-2025,06-07-2025,2,Confirmed
B0003043,255,221,20-07-2025,30-07-2025,06-07-2025,1,Confirmed
B0003044,578,159,21-07-2025,26-07-2025,06-07-2025,1,Confirmed
B0003045,476,151,14-07-2025,18-07-2025,06-07-2025,2,Confirmed
B0003046,674,697,24-07-2025,27-07-2025,07-07-2025,2,Confirmed
B0003047,425,744,14-07-2025,27-07-2025,07-07-2025,2,Confirmed
B0003048,377,794,22-07-2025,30-07-2025,07-07-2025,2,Confirmed
B0003049,741,684,23-07-2025,27-07-2025,07-07-2025,2,Confirmed
B0003050,247,999,10-07-2025,13-07-2025,07-07-2025,2,Confirmed
B0003051,461,929,28-07-2025,29-07-2025,07-07-2025,1,Confirmed
B0003052,153,930,17-07-2025,19-07-2025,07-07-2025,1,Confirmed
B0003053,361,206,24-07-2025,26-07-2025,07-07-2025,2,Confirmed
B0003054,476,872,26-07-2025,30-07-2025,07-07-2025,2,Confirmed
B0003055,130,614,19-07-2025,21-07-2025,08-07-2025,2,Confirmed
B0003056,342,183,30-07-2025,31-07-2025,08-07-2025,2,Confirmed
B0003057,441,904,28-07-2025,31-07-2025,08-07-2025,3,Confirmed
B0003058,929,503,27-07-2025,28-07-2025,08-07-2025,1,Confirmed
B0003059,570,161,26-07-2025,31-07-2025,08-07-2025,2,Confirmed
B0003060,399,888,09-07-2025,28-07-2025,08-07-2025,2,Confirmed
B0003061,871,800,13-07-2025,15-07-2025,09-07-2025,3,Confirmed
B0003062,465,617,23-07-2025,25-07-2025,09-07-2025,3,Confirmed
B0003063,395,490,24-07-2025,29-07-2025,09-07-2025,2,Confirmed
B0003064,857,611,27-07-2025,28-07-2025,09-07-2025,3,Confirmed
B0003065,226,504,11-07-2025,12-07-2025,09-07-2025,2,Confirmed
B0003066,306,681,13-07-2025,24-07-2025,09-07-2025,2,Confirmed
B0003067,898,884,15-07-2025,28-07-2025,10-07-2025,1,Confirmed
B0003068,942,230,28-07-2025,29-07-2025,10-07-2025,1,Confirmed
B0003069,641,410,28-07-2025,29-07-2025,10-07-2025,2,Confirmed
B0003070,611,909,18-07-2025,31-07-2025,10-07-2025,4,Confirmed
B0003071,516,326,12-07-2025,29-07-2025,10-07-2025,1,Confirmed
B0003072,141,211,29-07-2025,30-07-2025,10-07-2025,1,Confirmed
B0003073,708,950,19-07-2025,21-07-2025,11-07-2025,2,Confirmed
B0003074,73,824,13-07-2025,21-07-2025,11-07-2025,1,Confirmed
B0003075,285,564,23-07-2025,26-07-2025,11-07-2025,2,Confirmed
B0003076,528,779,22-07-2025,24-07-2025,11-07-2025,1,Confirmed
B0003077,238,572,20-07-2025,28-07-2025,11-07-2025,2,Confirmed
B0003078,713,590,17-07-2025,30-07-2025,11-07-2025,1,Confirmed
B0003079,978,424,27-07-2025,28-07-2025,11-07-2025,1,Confirmed
B0003080,257,301,29-07-2025,31-07-2025,11-07-2025,2,Confirmed
B0003081,481,552,21-07-2025,26-07-2025,11-07-2025,1,Confirmed
B0003082,745,938,17-07-2025,21-07-2025,12-07-2025,1,Confirmed
B0003083,679,317,13-07-2025,15-07-2025,12-07-2025,2,Confirmed
B0003084,408,421,21-07-2025,25-07-2025,12-07-2025,1,Confirmed
B0003085,558,330,17-07-2025,22-07-2025,12-07-2025,1,Confirmed
B0003086,309,569,13-07-2025,15-07-2025,12-07-2025,2,Confirmed
B0003087,690,769,16-07-2025,17-07-2025,12-07-2025,2,Confirmed
B0003088,996,424,15-07-2025,30-07-2025,12-07-2025,1,Confirmed
B0003089,118,973,30-07-2025,31-07-2025,12-07-2025,2,Confirmed
B0003090,627,926,29-07-2025,30-07-2025,12-07-2025,1,Confirmed
B0003091,779,877,15-07-2025,21-07-2025,12-07-2025,2,Confirmed
B0003092,970,220,17-07-2025,25-07-2025,12-07-2025,3,Confirmed
B0003093,699,355,17-07-2025,23-07-2025,13-07-2025,2,Confirmed
B0003094,427,291,16-07-2025,25-07-2025,13-07-2025,2,Confirmed
B0003095,83,799,18-07-2025,29-07-2025,13-07-2025,2,Confirmed
B0003096,364,314,22-07-2025,24-07-2025,13-07-2025,3,Confirmed
B0003097,438,420,22-07-2025,28-07-2025,13-07-2025,1,Confirmed
B0003098,465,479,27-07-2025,29-07-2025,13-07-2025,2,Confirmed
B0003099,546,538,25-07-2025,26-07-2025,13-07-2025,1,Confirmed
B0003100,406,234,23-07-2025,31-07-2025,13-07-2025,1,Confirmed
B0003101,320,508,25-07-2025,29-07-2025,13-07-2025,4,Confirmed
B0003102,794,446,16-07-2025,29-07-2025,14-07-2025,2,Confirmed
B0003103,620,257,29-07-2025,31-07-2025,14-07-2025,2,Confirmed
B0003104,306,574,28-07-2025,31-07-2025,14-07-2025,2,Confirmed
B0003105,345,784,27-07-2025,29-07-2025,14-07-2025,2,Confirmed
B0003106,560,462,23-07-2025,31-07-2025,14-07-2025,1,Confirmed
B0003107,114,390,30-07-2025,31-07-2025,14-07-2025,1,Confirmed
B0003108,466,477,23-07-2025,30-07-2025,14-07-2025,2,Confirmed
B0003109,287,710,30-07-2025,31-07-2025,15-07-2025,1,Confirmed
B0003110,128,579,20-07-2025,27-07-2025,15-07-2025,2,Confirmed
B0003111,455,270,20-07-2025,21-07-2025,15-07-2025,1,Confirmed
B0003112,318,771,26-07-2025,30-07-2025,15-07-2025,1,Confirmed
B0003113,592,296,18-07-2025,19-07-2025,16-07-2025,1,Confirmed
B0003114,600,661,22-07-2025,29-07-2025,16-07-2025,2,Confirmed
B0003115,575,303,27-07-2025,31-07-2025,16-07-2025,2,Confirmed
B0003116,299,621,21-07-2025,28-07-2025,16-07-2025,1,Confirmed
B0003117,210,785,22-07-2025,26-07-2025,16-07-2025,2,Confirmed
B0003118,166,430,20-07-2025,26-07-2025,16-07-2025,1,Confirmed
B0003119,457,717,23-07-2025,26-07-2025,16-07-2025,3,Confirmed
B0003120,339,266,25-07-2025,31-07-2025,17-07-2025,2,Confirmed
B0003121,409,525,19-07-2025,25-07-2025,17-07-2025,1,Confirmed
B0003122,548,856,18-07-2025,21-07-2025,17-07-2025,2,Confirmed
B0003123,291,358,28-07-2025,31-07-2025,17-07-2025,1,Confirmed
B0003124,446,280,26-07-2025,29-07-2025,17-07-2025,2,Confirmed
B0003125,881,792,28-07-2025,30-07-2025,17-07-2025,2,Confirmed
B0003126,736,426,23-07-2025,30-07-2025,17-07-2025,1,Confirmed
B0003127,354,346,28-07-2025,31-07-2025,17-07-2025,1,Confirmed
B0003128,237,223,21-07-2025,27-07-2025,17-07-2025,1,Confirmed
B0003129,138,370,23-07-2025,30-07-2025,17-07-2025,2,Confirmed
B0003130,911,542,24-07-2025,29-07-2025,18-07-2025,2,Confirmed
B0003131,443,198,30-07-2025,31-07-2025,18-07-2025,1,Confirmed
B0003132,552,865,27-07-2025,29-07-2025,18-07-2025,2,Confirmed
B0003133,407,982,19-07-2025,26-07-2025,18-07-2025,1,Confirmed
B0003134,813,915,21-07-2025,23-07-2025,18-07-2025,2,Confirmed
B0003135,539,216,20-07-2025,28-07-2025,18-07-2025,2,Confirmed
B0003136,791,695,24-07-2025,26-07-2025,18-07-2025,1,Confirmed
B0003137,72,245,29-07-2025,30-07-2025,18-07-2025,1,Confirmed
B0003138,998,735,21-07-2025,25-07-2025,18-07-2025,1,Confirmed
B0003139,894,968,30-07-2025,31-07-2025,18-07-2025,1,Confirmed
B0003140,143,352,27-07-2025,30-07-2025,18-07-2025,2,Confirmed
B0003141,229,242,20-07-2025,31-07-2025,18-07-2025,1,Confirmed
B0003142,912,209,27-07-2025,29-07-2025,18-07-2025,3,Confirmed
B0003143,672,362,26-07-2025,28-07-2025,18-07-2025,1,Confirmed
B0003144,292,870,26-07-2025,28-07-2025,18-07-2025,1,Confirmed
B0003145,461,365,23-07-2025,28-07-2025,19-07-2025,2,Confirmed
B0003146,846,323,23-07-2025,25-07-2025,19-07-2025,1,Confirmed
B0003147,610,424,27-07-2025,31-07-2025,19-07-2025,1,Confirmed
B0003148,582,790,23-07-2025,26-07-2025,19-07-2025,2,Confirmed
B0003149,341,665,28-07-2025,30-07-2025,19-07-2025,2,Confirmed
B0003150,335,445,26-07-2025,29-07-2025,19-07-2025,2,Confirmed
B0003151,996,612,22-07-2025,31-07-2025,19-07-2025,1,Confirmed
B0003152,292,185,22-07-2025,27-07-2025,19-07-2025,2,Confirmed
B0003153,654,989,27-07-2025,28-07-2025,19-07-2025,1,Confirmed
B0003154,157,482,22-07-2025,31-07-2025,19-07-2025,1,Confirmed
B0003155,591,141,22-07-2025,30-07-2025,19-07-2025,2,Confirmed
B0003156,641,552,20-07-2025,24-07-2025,19-07-2025,2,Confirmed
B0003157,836,170,28-07-2025,29-07-2025,19-07-2025,1,Confirmed
B0003158,47,756,30-07-2025,31-07-2025,20-07-2025,1,Confirmed
B0003159,965,404,25-07-2025,31-07-2025,20-07-2025,2,Confirmed
B0003160,886,171,25-07-2025,28-07-2025,20-07-2025,2,Confirmed
B0003161,65,833,28-07-2025,29-07-2025,20-07-2025,1,Confirmed
B0003162,366,982,21-07-2025,27-07-2025,20-07-2025,2,Confirmed
B0003163,864,886,21-07-2025,25-07-2025,20-07-2025,1,Confirmed
B0003164,309,316,23-07-2025,28-07-2025,20-07-2025,2,Confirmed
B0003165,539,520,27-07-2025,28-07-2025,20-07-2025,1,Confirmed
B0003166,866,674,30-07-2025,31-07-2025,20-07-2025,2,Confirmed
B0003167,946,820,25-07-2025,31-07-2025,20-07-2025,1,Confirmed
B0003168,250,228,25-07-2025,26-07-2025,21-07-2025,1,Confirmed
B0003169,317,928,29-07-2025,30-07-2025,21-07-2025,1,Confirmed
B0003170,367,908,25-07-2025,30-07-2025,21-07-2025,3,Confirmed
B0003171,272,902,29-07-2025,31-07-2025,21-07-2025,4,Confirmed
B0003172,358,673,26-07-2025,29-07-2025,21-07-2025,1,Confirmed
B0003173,396,779,24-07-2025,28-07-2025,21-07-2025,1,Confirmed
B0003174,303,964,23-07-2025,24-07-2025,21-07-2025,2,Confirmed
B0003175,240,370,25-07-2025,29-07-2025,21-07-2025,1,Confirmed
B0003176,991,771,25-07-2025,31-07-2025,21-07-2025,1,Confirmed
B0003177,714,848,30-07-2025,31-07-2025,21-07-2025,1,Confirmed
B0003178,274,263,23-07-2025,30-07-2025,21-07-2025,1,Confirmed
B0003179,313,940,25-07-2025,27-07-2025,21-07-2025,1,Confirmed
B0003180,886,266,25-07-2025,29-07-2025,22-07-2025,1,Confirmed
B0003181,619,370,23-07-2025,31-07-2025,22-07-2025,1,Confirmed
B0003182,837,304,25-07-2025,28-07-2025,22-07-2025,1,Confirmed
B0003183,462,205,28-07-2025,31-07-2025,22-07-2025,1,Confirmed
B0003184,978,891,25-07-2025,28-07-2025,22-07-2025,1,Confirmed
B0003185,746,447,24-07-2025,26-07-2025,22-07-2025,1,Confirmed
B0003186,477,546,29-07-2025,31-07-2025,23-07-2025,2,Confirmed
B0003187,406,360,24-07-2025,30-07-2025,23-07-2025,1,Confirmed
B0003188,970,327,27-07-2025,30-07-2025,23-07-2025,1,Confirmed
B0003189,610,866,28-07-2025,30-07-2025,23-07-2025,2,Confirmed
B0003190,873,351,25-07-2025,28-07-2025,24-07-2025,2,Confirmed
B0003191,746,328,25-07-2025,26-07-2025,24-07-2025,1,Confirmed
B0003192,513,672,30-07-2025,31-07-2025,24-07-2025,1,Confirmed
B0003193,96,330,25-07-2025,29-07-2025,24-07-2025,1,Confirmed
B0003194,671,201,28-07-2025,31-07-2025,24-07-2025,4,Confirmed
B0003195,167,285,30-07-2025,31-07-2025,24-07-2025,2,Confirmed
B0003196,632,857,27-07-2025,30-07-2025,24-07-2025,2,Confirmed
B0003197,559,136,27-07-2025,29-07-2025,24-07-2025,1,Confirmed
B0003198,792,908,29-07-2025,31-07-2025,25-07-2025,3,Confirmed
B0003199,913,407,27-07-2025,29-07-2025,25-07-2025,3,Confirmed
B0003200,704,749,28-07-2025,31-07-2025,25-07-2025,2,Confirmed
B0003201,195,225,29-07-2025,30-07-2025,25-07-2025,1,Confirmed
B0003202,873,436,30-07-2025,31-07-2025,25-07-2025,1,Confirmed
B0003203,70,132,29-07-2025,30-07-2025,26-07-2025,1,Confirmed
B0003204,7,285,28-07-2025,31-07-2025,26-07-2025,2,Confirmed
B0003205,191,866,29-07-2025,30-07-2025,26-07-2025,1,Confirmed
B0003206,471,179,29-07-2025,31-07-2025,26-07-2025,2,Confirmed
B0003207,113,776,27-07-2025,29-07-2025,26-07-2025,1,Confirmed
B0003208,657,592,29-07-2025,30-07-2025,26-07-2025,1,Confirmed
B0003209,9,679,27-07-2025,31-07-2025,26-07-2025,2,Confirmed
B0003210,290,819,30-07-2025,31-07-2025,26-07-2025,3,Confirmed
B0003211,956,429,28-07-2025,31-07-2025,26-07-2025,1,Confirmed
B0003212,995,666,27-07-2025,28-07-2025,26-07-2025,2,Confirmed
B0003213,921,915,27-07-2025,30-07-2025,26-07-2025,1,Confirmed
B0003214,816,842,27-07-2025,31-07-2025,26-07-2025,2,Confirmed
B0003215,956,457,28-07-2025,29-07-2025,27-07-2025,2,Confirmed
B0003216,417,768,29-07-2025,31-07-2025,27-07-2025,1,Confirmed
B0003217,806,652,29-07-2025,31-07-2025,27-07-2025,1,Confirmed
B0003218,952,471,29-07-2025,30-07-2025,27-07-2025,1,Confirmed
B0003219,680,206,28-07-2025,30-07-2025,27-07-2025,1,Confirmed
B0003220,217,680,30-07-2025,31-07-2025,27-07-2025,1,Confirmed
B0003221,683,109,30-07-2025,31-07-2025,28-07-2025,2,Confirmed
B0003222,52,785,29-07-2025,30-07-2025,28-07-2025,1,Confirmed
B0003223,555,161,29-07-2025,31-07-2025,28-07-2025,1,Confirmed
B0003224,644,199,29-07-2025,31-07-2025,28-07-2025,2,Confirmed
B0003225,971,631,30-07-2025,31-07-2025,28-07-2025,1,Confirmed
B0003226,255,986,29-07-2025,31-07-2025,28-07-2025,2,Confirmed
B0003227,694,866,29-07-2025,31-07-2025,28-07-2025,2,Confirmed
B0003228,103,638,30-07-2025,31-07-2025,29-07-2025,1,Confirmed
B0003229,393,295,30-07-2025,31-07-2025,29-07-2025,2,Confirmed
B0003230,531,496,30-07-2025,31-07-2025,29-07-2025,2,Confirmed
B0003231,373,481,30-07-2025,31-07-2025,29-07-2025,2,Confirmed
B0003232,852,806,30-07-2025,31-07-2025,29-07-2025,4,Confirmed
B0003233,489,614,30-07-2025,31-07-2025,29-07-2025,3,Confirmed
